cliente_id,oferta_recomendada_id,ultimo_motivo_rechazo_movil,dias_desde_ultimo_rechazo_movil,n_reclamos,dias_mora_prom,motivo_rechazo_misma_oferta,dias_desde_rechazo_misma_oferta
CLI000008,OF003,no_necesita,31.0,2.0,15.333333333333334,,
CLI000019,OF002,,,0.0,15.5,,
CLI000058,OF004,otro,61.0,0.0,13.166666666666666,otro,61.0
CLI000059,OF002,,,3.0,8.833333333333334,,
CLI000074,OF002,,,0.0,20.33333333333333,,
CLI000088,OF002,precio,61.0,0.0,0.0,,
CLI000092,OF004,ya_tiene_similar,31.0,0.0,11.666666666666666,,
CLI000171,OF002,,,0.0,28.33333333333333,,
CLI000197,OF003,no_necesita,0.0,0.0,9.166666666666666,no_necesita,0.0
CLI000233,OF004,,,1.0,26.33333333333333,,
CLI000237,OF003,no_confia,31.0,0.0,2.833333333333333,,
CLI000262,OF003,no_confia,61.0,2.0,17.833333333333332,,
CLI000263,OF004,,,3.0,7.333333333333333,,
CLI000303,OF004,precio,31.0,0.0,13.833333333333334,,
CLI000319,OF004,,,3.0,15.666666666666666,,
CLI000363,OF002,,,0.0,27.666666666666668,,
CLI000370,OF004,mal_momento,61.0,3.0,15.5,,
CLI000385,OF003,,,3.0,39.333333333333336,,
CLI000388,OF004,,,0.0,16.833333333333332,,
CLI000401,OF003,,,3.0,18.666666666666668,,
CLI000494,OF002,,,0.0,20.5,,
CLI000506,OF004,ya_tiene_similar,61.0,0.0,16.5,ya_tiene_similar,61.0
CLI000562,OF002,,,0.0,15.666666666666666,,
CLI000590,OF003,precio,0.0,3.0,14.333333333333334,,
CLI000591,OF002,,,0.0,19.5,,
CLI000666,OF004,,,0.0,15.0,,
CLI000678,OF004,otro,61.0,3.0,4.666666666666667,,
CLI000693,OF002,no_confia,61.0,1.0,0.0,no_confia,61.0
CLI000707,OF002,no_confia,0.0,3.0,38.5,,
CLI000716,OF004,,,0.0,17.666666666666668,,
CLI000724,OF004,,,2.0,15.166666666666666,,
CLI000738,OF004,no_necesita,61.0,2.0,0.0,no_necesita,61.0
CLI000791,OF002,precio,151.0,0.0,15.0,,
CLI000802,OF002,,,3.0,25.166666666666668,,
CLI000818,OF002,,,1.0,18.666666666666668,,
CLI000828,OF002,,,0.0,15.166666666666666,,
CLI000869,OF003,ya_tiene_similar,0.0,0.0,16.833333333333332,,
CLI000906,OF003,no_necesita,31.0,0.0,13.833333333333334,no_necesita,31.0
CLI000920,OF004,precio,0.0,0.0,0.0,,
CLI001014,OF002,,,0.0,18.166666666666668,,
CLI001020,OF002,ya_tiene_similar,31.0,0.0,15.333333333333334,,
CLI001047,OF004,otro,0.0,0.0,0.0,,
CLI001239,OF002,no_necesita,61.0,0.0,10.833333333333334,,
CLI001260,OF004,,,3.0,10.833333333333334,,
CLI001275,OF004,precio,0.0,0.0,9.5,,
CLI001286,OF002,no_confia,0.0,0.0,24.0,,
CLI001291,OF004,ya_tiene_similar,31.0,2.0,4.0,,
CLI001292,OF004,,,0.0,18.5,,
CLI001302,OF004,,,3.0,21.0,,
CLI001306,OF003,no_necesita,61.0,0.0,10.5,,
CLI001347,OF004,,,3.0,4.166666666666667,,
CLI001375,OF002,ya_tiene_similar,61.0,0.0,6.166666666666667,,
CLI001409,OF004,,,0.0,21.166666666666668,,
CLI001534,OF003,,,0.0,15.5,,
CLI001550,OF004,,,0.0,23.666666666666668,,
CLI001556,OF003,,,0.0,16.666666666666668,,
CLI001563,OF002,no_necesita,31.0,0.0,6.833333333333333,no_necesita,31.0
CLI001613,OF002,precio,0.0,0.0,2.6666666666666665,,
CLI001615,OF002,,,0.0,18.666666666666668,,
CLI001652,OF003,,,0.0,26.83333333333333,,
CLI001689,OF004,precio,31.0,1.0,14.5,precio,31.0
CLI001719,OF003,mal_momento,0.0,2.0,8.833333333333334,,
CLI001722,OF002,mal_momento,0.0,0.0,10.5,mal_momento,0.0
CLI001741,OF002,ya_tiene_similar,31.0,0.0,4.166666666666667,,
CLI001785,OF004,precio,61.0,0.0,0.0,,
CLI001790,OF002,no_necesita,92.0,0.0,15.5,,
CLI001799,OF004,,,0.0,15.833333333333334,,
CLI001844,OF004,precio,0.0,0.0,0.0,,
CLI001851,OF003,ya_tiene_similar,0.0,0.0,23.666666666666668,,
CLI001862,OF004,,,3.0,8.0,,
CLI001906,OF003,,,0.0,30.666666666666668,,
CLI001909,OF003,,,1.0,16.166666666666668,,
CLI001913,OF003,,,0.0,18.0,,
CLI002012,OF003,no_confia,31.0,0.0,2.1666666666666665,,
CLI002041,OF002,ya_tiene_similar,0.0,0.0,0.0,,
CLI002048,OF004,no_necesita,61.0,1.0,14.666666666666666,,
CLI002051,OF002,,,0.0,17.5,,
CLI002084,OF002,precio,151.0,0.0,18.83333333333333,precio,151.0
CLI002170,OF002,no_confia,0.0,2.0,0.0,,
CLI002218,OF003,,,3.0,15.5,,
CLI002241,OF002,,,3.0,4.5,,
CLI002264,OF003,precio,31.0,0.0,12.666666666666666,precio,31.0
CLI002310,OF003,no_necesita,0.0,0.0,0.0,,
CLI002317,OF002,ya_tiene_similar,92.0,0.0,18.0,,
CLI002323,OF004,no_confia,0.0,0.0,2.833333333333333,,
CLI002372,OF004,precio,61.0,0.0,26.33333333333333,,
CLI002390,OF003,mal_momento,61.0,3.0,16.333333333333332,mal_momento,61.0
CLI002416,OF002,mal_momento,0.0,0.0,14.166666666666666,mal_momento,0.0
CLI002417,OF004,,,2.0,29.166666666666668,,
CLI002447,OF004,no_necesita,120.0,3.0,9.5,no_necesita,120.0
CLI002467,OF003,ya_tiene_similar,61.0,0.0,15.5,,
CLI002484,OF002,precio,92.0,3.0,9.333333333333334,precio,92.0
CLI002552,OF002,no_necesita,31.0,1.0,17.333333333333332,,
CLI002578,OF004,no_confia,61.0,3.0,6.5,,
CLI002590,OF002,,,0.0,15.0,,
CLI002603,OF002,no_necesita,92.0,0.0,17.666666666666668,no_necesita,92.0
CLI002623,OF004,,,3.0,16.833333333333332,,
CLI002643,OF004,,,0.0,18.83333333333333,,
CLI002680,OF003,,,0.0,15.333333333333334,,
CLI002691,OF003,precio,61.0,0.0,0.0,,
CLI002743,OF002,mal_momento,61.0,0.0,0.0,,
CLI002763,OF002,precio,31.0,0.0,14.166666666666666,,
CLI002764,OF004,,,0.0,16.0,,
CLI002784,OF002,,,0.0,22.83333333333333,,
CLI002785,OF003,precio,151.0,3.0,3.8333333333333335,,
CLI002811,OF003,precio,31.0,0.0,4.166666666666667,precio,31.0
CLI002823,OF002,precio,0.0,0.0,13.0,precio,0.0
CLI002829,OF003,precio,61.0,0.0,9.333333333333334,,
CLI002844,OF003,ya_tiene_similar,92.0,0.0,18.83333333333333,ya_tiene_similar,92.0
CLI002856,OF003,no_confia,0.0,3.0,9.0,,
CLI002889,OF003,no_necesita,0.0,2.0,4.833333333333333,,
CLI002934,OF003,,,3.0,0.0,,
CLI002985,OF004,,,0.0,15.166666666666666,,
CLI002998,OF003,precio,120.0,0.0,23.5,,
CLI003022,OF004,,,3.0,16.833333333333332,,
CLI003032,OF002,precio,31.0,0.0,0.0,,
CLI003046,OF002,,,0.0,15.0,,
CLI003064,OF002,,,3.0,25.666666666666668,,
CLI003069,OF002,mal_momento,0.0,0.0,12.166666666666666,,
CLI003086,OF002,precio,31.0,3.0,15.666666666666666,,
CLI003103,OF002,,,0.0,24.83333333333333,,
CLI003197,OF004,no_confia,0.0,0.0,16.666666666666668,,
CLI003232,OF002,no_confia,151.0,0.0,18.33333333333333,,
CLI003269,OF004,,,3.0,8.166666666666666,,
CLI003323,OF004,,,0.0,15.833333333333334,,
CLI003365,OF002,,,0.0,20.83333333333333,,
CLI003380,OF002,mal_momento,61.0,0.0,7.333333333333333,mal_momento,61.0
CLI003394,OF003,ya_tiene_similar,0.0,0.0,20.5,,
CLI003484,OF002,no_necesita,0.0,0.0,16.333333333333332,,
CLI003532,OF003,otro,151.0,0.0,22.83333333333333,otro,151.0
CLI003545,OF002,,,0.0,25.166666666666668,,
CLI003556,OF003,no_confia,31.0,0.0,0.0,,
CLI003633,OF003,,,2.0,19.666666666666668,,
CLI003645,OF002,precio,92.0,0.0,20.33333333333333,precio,92.0
CLI003651,OF003,,,0.0,24.83333333333333,,
CLI003717,OF003,,,0.0,15.666666666666666,,
CLI003745,OF003,,,1.0,19.666666666666668,,
CLI003786,OF002,ya_tiene_similar,61.0,0.0,0.0,,
CLI003787,OF003,,,1.0,22.33333333333333,,
CLI003841,OF002,,,0.0,16.5,,
CLI003858,OF003,ya_tiene_similar,0.0,2.0,34.5,,
CLI003864,OF004,precio,151.0,2.0,28.33333333333333,precio,151.0
CLI003869,OF003,,,0.0,19.83333333333333,,
CLI003910,OF004,mal_momento,151.0,2.0,18.33333333333333,mal_momento,151.0
CLI003939,OF002,,,0.0,15.333333333333334,,
CLI003959,OF003,no_necesita,61.0,0.0,5.166666666666667,,
CLI003975,OF002,precio,61.0,0.0,11.166666666666666,,
CLI003988,OF003,precio,31.0,0.0,13.666666666666666,precio,31.0
CLI004071,OF003,,,3.0,16.166666666666668,,
CLI004129,OF003,no_necesita,61.0,0.0,9.5,,
CLI004131,OF002,,,0.0,16.666666666666668,,
CLI004201,OF004,ya_tiene_similar,31.0,3.0,1.5,ya_tiene_similar,31.0
CLI004203,OF004,precio,31.0,0.0,7.666666666666667,ya_tiene_similar,61.0
CLI004208,OF003,no_necesita,61.0,0.0,0.0,,
CLI004230,OF003,ya_tiene_similar,31.0,3.0,23.666666666666668,,
CLI004231,OF004,mal_momento,92.0,1.0,22.33333333333333,,
CLI004260,OF003,,,0.0,30.666666666666668,,
CLI004269,OF002,precio,61.0,0.0,20.666666666666668,,
CLI004347,OF004,otro,0.0,1.0,26.5,,
CLI004363,OF002,,,0.0,18.5,,
CLI004370,OF003,otro,61.0,0.0,8.666666666666666,otro,61.0
CLI004381,OF003,otro,0.0,0.0,2.6666666666666665,,
CLI004440,OF002,no_confia,31.0,0.0,0.0,,
CLI004532,OF004,precio,0.0,2.0,11.0,,
CLI004553,OF003,,,0.0,24.166666666666668,,
CLI004591,OF004,ya_tiene_similar,0.0,0.0,0.0,,
CLI004614,OF002,precio,0.0,0.0,7.666666666666667,,
CLI004650,OF004,precio,31.0,3.0,10.5,,
CLI004653,OF004,ya_tiene_similar,0.0,0.0,4.166666666666667,ya_tiene_similar,0.0
CLI004699,OF003,,,0.0,16.666666666666668,,
CLI004702,OF003,,,0.0,18.33333333333333,,
CLI004710,OF002,precio,0.0,0.0,9.666666666666666,,
CLI004724,OF002,,,0.0,19.0,,
CLI004748,OF003,no_necesita,31.0,1.0,17.833333333333332,no_necesita,31.0
CLI004751,OF003,,,0.0,17.166666666666668,,
CLI004796,OF004,mal_momento,61.0,0.0,17.666666666666668,mal_momento,61.0
CLI004812,OF004,precio,120.0,3.0,9.0,precio,120.0
CLI004855,OF004,no_confia,61.0,3.0,10.833333333333334,,
CLI004900,OF002,otro,0.0,0.0,12.5,precio,0.0
CLI004931,OF004,no_necesita,0.0,2.0,24.33333333333333,,
CLI004993,OF003,precio,31.0,1.0,2.5,,
CLI005013,OF004,ya_tiene_similar,0.0,0.0,5.666666666666667,,
CLI005043,OF004,,,3.0,7.5,,
CLI005067,OF002,precio,0.0,0.0,0.0,,
CLI005097,OF004,precio,31.0,0.0,11.666666666666666,,
CLI005106,OF003,mal_momento,61.0,0.0,0.0,mal_momento,61.0
CLI005139,OF003,,,3.0,19.33333333333333,,
CLI005156,OF003,precio,0.0,0.0,16.0,,
CLI005170,OF004,precio,92.0,1.0,18.0,precio,92.0
CLI005179,OF002,precio,120.0,0.0,16.5,,
CLI005184,OF002,mal_momento,0.0,0.0,0.8333333333333334,mal_momento,31.0
CLI005219,OF003,,,3.0,20.83333333333333,,
CLI005248,OF002,precio,61.0,0.0,23.166666666666668,,
CLI005262,OF002,,,0.0,17.5,,
CLI005280,OF002,,,0.0,18.83333333333333,,
CLI005283,OF003,no_necesita,0.0,0.0,8.666666666666666,,
CLI005332,OF002,ya_tiene_similar,61.0,0.0,6.833333333333333,,
CLI005424,OF002,precio,92.0,0.0,16.666666666666668,precio,92.0
CLI005500,OF002,,,3.0,13.0,,
CLI005518,OF002,no_necesita,61.0,2.0,28.83333333333333,no_necesita,61.0
CLI005537,OF003,,,3.0,26.5,,
CLI005576,OF003,no_necesita,0.0,3.0,10.166666666666666,,
CLI005587,OF004,no_necesita,31.0,0.0,8.5,,
CLI005594,OF003,,,0.0,15.666666666666666,,
CLI005626,OF002,,,2.0,26.166666666666668,,
CLI005653,OF004,,,1.0,29.33333333333333,,
CLI005654,OF002,,,3.0,4.333333333333333,,
CLI005663,OF003,,,0.0,25.83333333333333,,
CLI005669,OF004,,,3.0,8.833333333333334,,
CLI005685,OF002,no_necesita,61.0,0.0,19.5,,
CLI005724,OF003,mal_momento,31.0,0.0,8.666666666666666,mal_momento,31.0
CLI005751,OF004,,,3.0,1.0,,
CLI005760,OF002,,,0.0,23.83333333333333,,
CLI005776,OF002,otro,92.0,0.0,17.5,,
CLI005816,OF002,,,0.0,16.666666666666668,,
CLI005835,OF003,otro,0.0,1.0,15.0,,
CLI005882,OF003,mal_momento,31.0,3.0,5.333333333333333,,
CLI005942,OF004,no_confia,31.0,0.0,15.166666666666666,,
CLI005946,OF003,,,0.0,27.83333333333333,,
CLI005948,OF004,,,3.0,8.5,,
CLI005961,OF004,,,0.0,19.0,,
CLI005979,OF004,no_confia,61.0,0.0,8.833333333333334,mal_momento,61.0
CLI005984,OF004,precio,92.0,3.0,4.333333333333333,,
CLI006010,OF003,,,1.0,23.83333333333333,,
CLI006024,OF002,precio,0.0,0.0,14.666666666666666,,
CLI006049,OF002,,,0.0,20.166666666666668,,
CLI006062,OF004,mal_momento,31.0,2.0,10.166666666666666,,
CLI006097,OF003,,,3.0,0.0,,
CLI006107,OF004,precio,31.0,0.0,35.166666666666664,precio,31.0
CLI006115,OF002,,,0.0,18.0,,
CLI006214,OF004,ya_tiene_similar,31.0,2.0,17.166666666666668,,
CLI006291,OF002,precio,0.0,3.0,8.5,,
CLI006299,OF003,,,0.0,17.833333333333332,,
CLI006368,OF003,precio,61.0,0.0,12.0,,
CLI006369,OF003,precio,120.0,1.0,17.666666666666668,precio,120.0
CLI006371,OF002,mal_momento,0.0,0.0,0.0,,
CLI006409,OF004,precio,0.0,0.0,5.5,,
CLI006419,OF004,,,0.0,16.833333333333332,,
CLI006460,OF002,,,0.0,20.33333333333333,,
CLI006485,OF004,,,3.0,23.33333333333333,,
CLI006567,OF003,no_confia,120.0,0.0,31.5,,
CLI006569,OF004,precio,61.0,0.0,20.166666666666668,,
CLI006579,OF003,otro,151.0,2.0,19.5,otro,151.0
CLI006598,OF004,ya_tiene_similar,61.0,0.0,9.833333333333334,,
CLI006638,OF002,,,1.0,28.166666666666668,,
CLI006647,OF002,,,0.0,31.166666666666668,,
CLI006653,OF002,no_necesita,0.0,0.0,8.5,no_confia,0.0
CLI006710,OF002,,,0.0,17.166666666666668,,
CLI006722,OF004,ya_tiene_similar,0.0,0.0,4.0,,
CLI006735,OF002,ya_tiene_similar,31.0,0.0,0.0,ya_tiene_similar,31.0
CLI006738,OF004,,,0.0,17.0,,
CLI006744,OF003,no_necesita,61.0,0.0,22.666666666666668,,
CLI006754,OF002,,,2.0,23.33333333333333,,
CLI006762,OF002,precio,61.0,0.0,2.1666666666666665,precio,61.0
CLI006765,OF004,otro,61.0,0.0,0.0,,
CLI006830,OF004,ya_tiene_similar,0.0,0.0,0.0,ya_tiene_similar,0.0
CLI006858,OF003,no_confia,31.0,0.0,0.0,,
CLI006886,OF003,,,0.0,30.666666666666668,,
CLI006905,OF004,precio,31.0,0.0,0.0,,
CLI006908,OF003,,,3.0,3.333333333333333,,
CLI006959,OF004,ya_tiene_similar,31.0,0.0,10.166666666666666,,
CLI006965,OF003,,,1.0,26.166666666666668,,
CLI006968,OF003,precio,0.0,0.0,14.0,precio,0.0
CLI007087,OF004,precio,61.0,0.0,0.0,,
CLI007135,OF002,,,0.0,23.666666666666668,,
CLI007144,OF003,,,1.0,29.5,,
CLI007167,OF002,precio,31.0,0.0,0.0,precio,31.0
CLI007170,OF002,ya_tiene_similar,0.0,0.0,0.0,,
CLI007201,OF003,precio,61.0,2.0,0.0,,
CLI007245,OF003,mal_momento,0.0,0.0,3.8333333333333335,mal_momento,0.0
CLI007250,OF003,ya_tiene_similar,0.0,0.0,0.0,precio,151.0
CLI007258,OF002,no_necesita,0.0,0.0,16.5,no_necesita,0.0
CLI007281,OF002,mal_momento,61.0,0.0,2.333333333333333,,
CLI007285,OF002,no_necesita,120.0,3.0,17.666666666666668,,
CLI007379,OF003,otro,0.0,0.0,0.0,otro,0.0
CLI007422,OF002,,,0.0,19.33333333333333,,
CLI007536,OF004,precio,61.0,0.0,2.6666666666666665,,
CLI007588,OF004,no_necesita,151.0,0.0,15.0,,
CLI007589,OF002,,,3.0,12.0,,
CLI007610,OF004,,,3.0,11.166666666666666,,
CLI007648,OF003,mal_momento,151.0,2.0,16.666666666666668,mal_momento,151.0
CLI007746,OF003,,,0.0,19.33333333333333,,
CLI007770,OF004,no_necesita,31.0,0.0,4.666666666666667,,
CLI007796,OF002,,,0.0,19.5,,
CLI007901,OF003,no_confia,120.0,2.0,18.33333333333333,,
CLI007943,OF004,precio,31.0,0.0,13.666666666666666,precio,31.0
CLI007963,OF002,no_confia,0.0,0.0,0.0,,
CLI008009,OF004,ya_tiene_similar,61.0,0.0,1.8333333333333333,,
CLI008016,OF003,precio,120.0,3.0,21.5,,
CLI008042,OF004,,,3.0,12.166666666666666,,
CLI008075,OF003,no_necesita,0.0,0.0,9.166666666666666,,
CLI008086,OF002,no_confia,31.0,1.0,16.5,,
CLI008107,OF003,,,3.0,0.0,,
CLI008112,OF002,no_necesita,0.0,0.0,0.0,,
CLI008115,OF002,no_necesita,31.0,0.0,7.5,precio,151.0
CLI008136,OF003,,,3.0,2.333333333333333,,
CLI008169,OF002,mal_momento,31.0,0.0,7.0,mal_momento,31.0
CLI008187,OF003,,,3.0,6.166666666666667,,
CLI008201,OF004,,,3.0,9.0,,
CLI008252,OF003,,,0.0,21.5,,
CLI008262,OF003,,,3.0,9.166666666666666,,
CLI008265,OF004,,,3.0,9.833333333333334,,
CLI008307,OF003,precio,31.0,0.0,8.166666666666666,,
CLI008385,OF004,mal_momento,0.0,1.0,1.8333333333333333,,
CLI008432,OF004,,,3.0,8.666666666666666,,
CLI008452,OF003,precio,0.0,0.0,7.166666666666667,precio,0.0
CLI008478,OF002,no_necesita,31.0,0.0,16.333333333333332,,
CLI008486,OF002,precio,31.0,0.0,3.5,,
CLI008511,OF004,ya_tiene_similar,31.0,0.0,0.0,ya_tiene_similar,31.0
CLI008567,OF002,precio,0.0,0.0,5.666666666666667,precio,0.0
CLI008585,OF003,,,3.0,1.6666666666666667,,
CLI008586,OF004,,,0.0,26.666666666666668,,
CLI008610,OF003,no_necesita,92.0,0.0,24.0,,
CLI008654,OF002,,,0.0,19.33333333333333,,
CLI008660,OF004,,,3.0,0.0,,
CLI008683,OF002,precio,151.0,0.0,27.0,precio,151.0
CLI008684,OF004,,,1.0,17.0,,
CLI008689,OF002,no_confia,0.0,0.0,19.83333333333333,,
CLI008744,OF004,,,1.0,17.5,,
CLI008746,OF003,precio,61.0,0.0,8.666666666666666,,
CLI008783,OF002,ya_tiene_similar,92.0,0.0,17.333333333333332,,
CLI008786,OF004,precio,31.0,1.0,0.0,,
CLI008796,OF002,precio,0.0,0.0,8.833333333333334,,
CLI008810,OF004,ya_tiene_similar,61.0,0.0,0.0,,
CLI008867,OF004,,,3.0,15.0,,
CLI008932,OF002,otro,0.0,0.0,17.833333333333332,,
CLI009019,OF004,,,3.0,10.666666666666666,,
CLI009052,OF003,no_confia,0.0,1.0,9.833333333333334,no_confia,0.0
CLI009124,OF002,,,3.0,19.5,,
CLI009128,OF002,no_confia,0.0,0.0,7.5,no_confia,0.0
CLI009138,OF002,no_necesita,31.0,0.0,9.5,no_necesita,31.0
CLI009143,OF002,,,0.0,15.833333333333334,,
CLI009177,OF003,,,0.0,20.5,,
CLI009187,OF002,otro,31.0,0.0,19.666666666666668,otro,31.0
CLI009195,OF002,,,0.0,19.166666666666668,,
CLI009219,OF003,,,0.0,19.166666666666668,,
CLI009275,OF003,precio,92.0,1.0,16.166666666666668,precio,92.0
CLI009279,OF003,otro,0.0,0.0,0.0,,
CLI009323,OF003,mal_momento,0.0,0.0,9.166666666666666,,
CLI009328,OF002,,,0.0,22.5,,
CLI009354,OF002,,,0.0,26.33333333333333,,
CLI009370,OF004,,,3.0,0.0,,
CLI009379,OF003,mal_momento,0.0,0.0,6.666666666666667,,
CLI009466,OF002,,,0.0,26.166666666666668,,
CLI009468,OF003,,,0.0,21.83333333333333,,
CLI009470,OF003,no_confia,0.0,0.0,4.666666666666667,no_confia,0.0
CLI009491,OF003,no_confia,0.0,0.0,0.0,no_confia,0.0
CLI009498,OF003,precio,151.0,3.0,1.3333333333333333,,
CLI009623,OF002,mal_momento,61.0,0.0,8.666666666666666,mal_momento,61.0
CLI009632,OF003,no_necesita,120.0,0.0,21.33333333333333,precio,120.0
CLI009636,OF004,,,0.0,15.0,,
CLI009689,OF003,no_necesita,0.0,0.0,0.0,,
CLI009726,OF003,ya_tiene_similar,0.0,0.0,5.5,ya_tiene_similar,0.0
CLI009819,OF003,mal_momento,31.0,3.0,4.166666666666667,,
CLI009836,OF004,,,2.0,16.5,,
CLI009842,OF003,,,1.0,17.666666666666668,,
CLI009854,OF003,,,1.0,22.666666666666668,,
CLI009872,OF004,,,2.0,16.5,,
CLI009891,OF003,precio,61.0,0.0,15.666666666666666,mal_momento,151.0
CLI009893,OF004,,,2.0,22.5,,
CLI009931,OF002,mal_momento,0.0,0.0,0.0,,
CLI009934,OF004,no_necesita,0.0,0.0,0.0,,
CLI009937,OF003,,,0.0,22.0,,
CLI009942,OF004,,,3.0,9.166666666666666,,
CLI009955,OF003,no_confia,0.0,0.0,18.33333333333333,,
CLI009982,OF002,,,0.0,23.83333333333333,,
CLI010021,OF003,precio,0.0,0.0,1.0,,
CLI010048,OF003,precio,0.0,0.0,0.0,no_necesita,120.0
CLI010065,OF004,,,3.0,15.0,,
CLI010067,OF002,no_necesita,31.0,0.0,0.0,no_necesita,31.0
CLI010120,OF003,,,0.0,15.5,,
CLI010185,OF004,ya_tiene_similar,31.0,3.0,13.166666666666666,,
CLI010238,OF002,precio,0.0,0.0,15.166666666666666,,
CLI010241,OF002,precio,61.0,0.0,0.0,,
CLI010276,OF002,precio,0.0,0.0,6.833333333333333,ya_tiene_similar,120.0
CLI010310,OF004,,,0.0,16.333333333333332,,
CLI010311,OF004,,,1.0,19.33333333333333,,
CLI010405,OF002,precio,31.0,0.0,19.5,precio,31.0
CLI010435,OF002,precio,31.0,0.0,0.0,precio,31.0
CLI010436,OF003,,,1.0,27.83333333333333,,
CLI010448,OF003,no_necesita,31.0,0.0,18.666666666666668,no_confia,61.0
CLI010452,OF004,precio,61.0,0.0,0.0,,
CLI010458,OF004,,,0.0,16.166666666666668,,
CLI010460,OF004,no_confia,0.0,1.0,7.666666666666667,,
CLI010481,OF004,ya_tiene_similar,61.0,0.0,9.166666666666666,,
CLI010517,OF002,,,3.0,2.333333333333333,,
CLI010584,OF004,mal_momento,31.0,0.0,0.0,mal_momento,31.0
CLI010609,OF004,precio,61.0,0.0,2.833333333333333,,
CLI010610,OF003,no_necesita,120.0,0.0,34.5,,
CLI010637,OF004,,,1.0,24.166666666666668,,
CLI010639,OF003,no_confia,31.0,0.0,8.333333333333334,,
CLI010648,OF002,,,0.0,20.166666666666668,,
CLI010651,OF004,precio,31.0,0.0,15.166666666666666,,
CLI010752,OF003,,,0.0,26.33333333333333,,
CLI010799,OF004,no_necesita,0.0,0.0,2.6666666666666665,no_necesita,0.0
CLI010806,OF003,,,0.0,18.33333333333333,,
CLI010809,OF002,,,0.0,15.5,,
CLI010846,OF002,no_necesita,0.0,0.0,4.5,no_necesita,0.0
CLI010863,OF002,no_necesita,61.0,0.0,14.0,,
CLI010928,OF003,no_necesita,31.0,0.0,1.8333333333333333,,
CLI010936,OF002,,,0.0,18.83333333333333,,
CLI010952,OF004,,,2.0,17.0,,
CLI010970,OF002,precio,61.0,0.0,8.166666666666666,precio,61.0
CLI010985,OF003,precio,31.0,0.0,9.0,,
CLI011032,OF003,precio,61.0,0.0,3.5,,
CLI011046,OF003,otro,0.0,0.0,2.1666666666666665,otro,0.0
CLI011059,OF002,mal_momento,61.0,3.0,0.0,,
CLI011081,OF002,,,0.0,26.5,,
CLI011107,OF002,no_necesita,0.0,0.0,7.833333333333333,,
CLI011136,OF004,,,1.0,17.833333333333332,,
CLI011139,OF003,no_necesita,31.0,0.0,11.0,,
CLI011152,OF003,,,1.0,17.666666666666668,,
CLI011252,OF003,precio,120.0,1.0,16.666666666666668,precio,120.0
CLI011257,OF003,,,1.0,16.5,,
CLI011314,OF003,,,3.0,0.0,,
CLI011318,OF002,,,0.0,25.0,,
CLI011339,OF003,no_confia,0.0,0.0,0.0,no_confia,0.0
CLI011372,OF002,,,1.0,28.666666666666668,,
CLI011374,OF003,precio,120.0,0.0,24.33333333333333,precio,120.0
CLI011389,OF002,,,0.0,19.5,,
CLI011393,OF003,,,0.0,25.666666666666668,,
CLI011438,OF002,no_confia,0.0,1.0,14.833333333333334,,
CLI011457,OF002,,,3.0,4.166666666666667,,
CLI011469,OF004,ya_tiene_similar,61.0,0.0,0.0,,
CLI011492,OF004,,,0.0,15.666666666666666,,
CLI011543,OF002,,,0.0,19.33333333333333,,
CLI011560,OF003,mal_momento,0.0,0.0,20.5,,
CLI011561,OF004,mal_momento,0.0,3.0,0.0,ya_tiene_similar,151.0
CLI011570,OF002,,,1.0,26.166666666666668,,
CLI011584,OF002,,,0.0,20.666666666666668,,
CLI011614,OF003,precio,31.0,0.0,0.0,,
CLI011615,OF003,mal_momento,61.0,0.0,5.333333333333333,,
CLI011647,OF003,precio,0.0,0.0,21.666666666666668,precio,0.0
CLI011657,OF003,mal_momento,61.0,0.0,0.0,,
CLI011670,OF002,,,3.0,7.833333333333333,,
CLI011673,OF002,precio,31.0,0.0,0.8333333333333334,,
CLI011678,OF003,no_necesita,31.0,0.0,18.666666666666668,,
CLI011690,OF002,,,0.0,15.5,,
CLI011715,OF003,no_necesita,61.0,2.0,10.333333333333334,,
CLI011722,OF004,precio,31.0,0.0,0.0,,
CLI011749,OF002,precio,0.0,0.0,12.833333333333334,precio,0.0
CLI011763,OF003,,,0.0,15.333333333333334,,
CLI011787,OF002,no_necesita,31.0,3.0,17.833333333333332,,
CLI011874,OF004,mal_momento,61.0,1.0,26.5,,
CLI011879,OF003,,,3.0,12.833333333333334,,
CLI011892,OF004,precio,61.0,0.0,15.666666666666666,precio,61.0
CLI011896,OF002,no_necesita,31.0,0.0,2.1666666666666665,,
CLI011916,OF002,,,0.0,24.166666666666668,,
CLI011968,OF002,mal_momento,31.0,0.0,0.0,,
CLI011975,OF003,precio,0.0,1.0,0.0,,
CLI011976,OF003,no_confia,0.0,0.0,1.0,,
CLI012018,OF003,no_necesita,61.0,0.0,0.0,,
CLI012056,OF003,ya_tiene_similar,120.0,3.0,13.333333333333334,,
CLI012085,OF004,no_necesita,31.0,0.0,1.3333333333333333,,
CLI012096,OF004,,,2.0,30.666666666666668,,
CLI012119,OF002,,,1.0,23.666666666666668,,
CLI012121,OF004,no_necesita,31.0,1.0,9.833333333333334,,
CLI012142,OF003,ya_tiene_similar,61.0,2.0,5.5,,
CLI012147,OF002,,,0.0,17.333333333333332,,
CLI012154,OF003,precio,61.0,0.0,0.0,,
CLI012172,OF004,,,0.0,22.666666666666668,,
CLI012217,OF004,,,0.0,16.0,,
CLI012247,OF003,,,0.0,18.0,,
CLI012256,OF003,precio,92.0,0.0,30.5,precio,92.0
CLI012260,OF002,,,0.0,15.166666666666666,,
CLI012278,OF004,,,2.0,15.5,,
CLI012293,OF003,precio,31.0,0.0,3.8333333333333335,,
CLI012309,OF002,no_confia,61.0,0.0,0.0,,
CLI012325,OF002,,,0.0,24.0,,
CLI012378,OF004,mal_momento,61.0,0.0,0.0,,
CLI012405,OF004,no_confia,0.0,2.0,13.5,,
CLI012423,OF002,,,0.0,21.33333333333333,,
CLI012485,OF004,no_necesita,31.0,2.0,8.5,,
CLI012511,OF003,no_necesita,0.0,0.0,0.0,,
CLI012519,OF003,mal_momento,61.0,0.0,9.666666666666666,,
CLI012544,OF002,ya_tiene_similar,61.0,0.0,7.333333333333333,,
CLI012604,OF002,ya_tiene_similar,31.0,0.0,5.0,,
CLI012649,OF003,,,3.0,10.0,,
CLI012658,OF003,precio,31.0,0.0,0.0,,
CLI012660,OF003,,,1.0,16.333333333333332,,
CLI012677,OF004,,,3.0,8.666666666666666,,
CLI012712,OF003,no_necesita,61.0,0.0,5.833333333333333,,
CLI012739,OF004,,,1.0,28.0,,
CLI012744,OF002,,,0.0,16.166666666666668,,
CLI012817,OF002,,,3.0,8.5,,
CLI012857,OF003,no_confia,151.0,3.0,17.333333333333332,,
CLI012873,OF004,ya_tiene_similar,61.0,0.0,18.166666666666668,,
CLI012879,OF003,,,3.0,20.5,,
CLI012899,OF002,precio,31.0,0.0,0.8333333333333334,precio,31.0
CLI012943,OF004,,,1.0,22.0,,
CLI012999,OF004,no_confia,31.0,0.0,9.666666666666666,,
CLI013015,OF003,precio,31.0,0.0,18.166666666666668,,
CLI013031,OF003,,,0.0,16.166666666666668,,
CLI013099,OF002,,,0.0,15.833333333333334,,
CLI013111,OF004,,,0.0,16.5,,
CLI013181,OF004,no_confia,0.0,2.0,2.833333333333333,precio,31.0
CLI013196,OF002,,,0.0,19.33333333333333,,
CLI013212,OF004,,,0.0,16.333333333333332,,
CLI013216,OF002,ya_tiene_similar,61.0,0.0,0.0,,
CLI013270,OF002,,,0.0,17.333333333333332,,
CLI013341,OF003,,,2.0,18.0,,
CLI013363,OF002,,,0.0,15.5,,
CLI013395,OF002,no_confia,31.0,0.0,0.0,,
CLI013399,OF003,no_confia,31.0,0.0,2.0,,
CLI013448,OF002,,,0.0,18.666666666666668,,
CLI013470,OF002,,,0.0,16.666666666666668,,
CLI013487,OF002,,,0.0,16.833333333333332,,
CLI013488,OF002,precio,0.0,0.0,29.666666666666668,,
CLI013516,OF003,precio,31.0,2.0,37.16666666666666,,
CLI013533,OF004,,,3.0,33.0,,
CLI013576,OF003,,,3.0,13.166666666666666,,
CLI013591,OF002,,,0.0,20.5,,
CLI013594,OF004,no_necesita,31.0,0.0,5.333333333333333,,
CLI013612,OF004,no_confia,151.0,3.0,7.0,,
CLI013623,OF002,no_confia,120.0,0.0,17.166666666666668,,
CLI013663,OF002,precio,0.0,0.0,0.0,mal_momento,151.0
CLI013669,OF003,,,3.0,2.1666666666666665,,
CLI013678,OF003,,,3.0,3.1666666666666665,,
CLI013680,OF003,precio,0.0,0.0,0.0,,
CLI013701,OF002,,,1.0,17.833333333333332,,
CLI013726,OF002,,,0.0,20.666666666666668,,
CLI013747,OF002,mal_momento,31.0,0.0,23.33333333333333,mal_momento,31.0
CLI013753,OF004,,,3.0,7.166666666666667,,
CLI013760,OF003,precio,31.0,2.0,29.0,,
CLI013781,OF004,precio,61.0,0.0,11.166666666666666,precio,61.0
CLI013821,OF003,,,0.0,15.833333333333334,,
CLI013878,OF002,,,0.0,19.83333333333333,,
CLI013921,OF003,ya_tiene_similar,0.0,1.0,23.5,ya_tiene_similar,0.0
CLI013927,OF003,precio,151.0,0.0,16.833333333333332,precio,151.0
CLI013930,OF002,precio,120.0,0.0,24.666666666666668,,
CLI013940,OF003,,,0.0,19.0,,
CLI013963,OF002,,,3.0,29.33333333333333,,
CLI013969,OF004,mal_momento,61.0,3.0,3.0,,
CLI013982,OF004,precio,31.0,2.0,31.5,precio,31.0
CLI014014,OF002,no_necesita,31.0,0.0,0.0,,
CLI014025,OF004,,,0.0,18.0,,
CLI014026,OF004,,,0.0,28.666666666666668,,
CLI014033,OF003,,,0.0,18.166666666666668,,
CLI014139,OF002,,,0.0,23.33333333333333,,
CLI014140,OF002,,,0.0,19.5,,
CLI014173,OF003,,,0.0,15.166666666666666,,
CLI014179,OF003,ya_tiene_similar,120.0,3.0,3.5,ya_tiene_similar,120.0
CLI014240,OF003,,,3.0,10.0,,
CLI014261,OF003,mal_momento,31.0,0.0,18.0,,
CLI014302,OF002,no_necesita,0.0,0.0,0.0,no_necesita,0.0
CLI014320,OF004,,,2.0,18.666666666666668,,
CLI014353,OF002,,,1.0,15.833333333333334,,
CLI014394,OF003,otro,0.0,0.0,11.666666666666666,otro,0.0
CLI014434,OF004,no_necesita,61.0,0.0,0.0,,
CLI014483,OF003,precio,92.0,0.0,35.666666666666664,,
CLI014484,OF004,precio,0.0,0.0,0.0,,
CLI014489,OF003,,,0.0,23.166666666666668,,
CLI014497,OF002,precio,0.0,0.0,0.0,precio,0.0
CLI014512,OF002,,,3.0,31.5,,
CLI014550,OF004,precio,31.0,0.0,0.0,,
CLI014570,OF003,precio,31.0,0.0,0.0,,
CLI014573,OF002,,,3.0,4.333333333333333,,
CLI014595,OF002,precio,0.0,0.0,16.666666666666668,,
CLI014605,OF003,precio,0.0,2.0,17.666666666666668,,
CLI014614,OF002,precio,0.0,0.0,5.0,,
CLI014623,OF004,precio,0.0,3.0,6.666666666666667,,
CLI014644,OF003,,,0.0,21.666666666666668,,
CLI014663,OF004,mal_momento,61.0,1.0,18.166666666666668,,
CLI014681,OF003,,,1.0,20.33333333333333,,
CLI014683,OF002,precio,31.0,0.0,0.0,,
CLI014693,OF002,precio,61.0,3.0,27.0,,
CLI014736,OF003,otro,31.0,0.0,15.333333333333334,,
CLI014753,OF004,,,3.0,15.0,,
CLI014768,OF003,,,3.0,15.166666666666666,,
CLI014777,OF002,,,0.0,16.333333333333332,,
CLI014780,OF004,mal_momento,0.0,0.0,13.333333333333334,,
CLI014818,OF003,mal_momento,61.0,0.0,0.0,,
CLI014820,OF003,,,0.0,25.5,,
CLI014922,OF003,no_necesita,0.0,0.0,4.333333333333333,no_confia,120.0
CLI014984,OF003,ya_tiene_similar,31.0,0.0,5.5,,
CLI015000,OF004,precio,31.0,0.0,23.83333333333333,,
CLI015023,OF004,,,2.0,16.5,,
CLI015065,OF004,,,0.0,20.666666666666668,,
CLI015079,OF002,ya_tiene_similar,92.0,0.0,28.166666666666668,,
CLI015103,OF002,precio,61.0,0.0,2.0,,
CLI015113,OF003,,,1.0,30.33333333333333,,
CLI015136,OF003,mal_momento,31.0,0.0,7.333333333333333,,
CLI015153,OF004,,,3.0,3.5,,
CLI015179,OF003,no_necesita,31.0,1.0,2.333333333333333,no_necesita,31.0
CLI015184,OF002,otro,61.0,0.0,5.833333333333333,,
CLI015197,OF004,,,3.0,6.5,,
CLI015205,OF002,precio,61.0,2.0,32.333333333333336,,
CLI015219,OF002,,,0.0,16.333333333333332,,
CLI015223,OF004,no_necesita,61.0,0.0,13.833333333333334,,
CLI015233,OF002,mal_momento,0.0,0.0,3.1666666666666665,,
CLI015243,OF004,mal_momento,61.0,2.0,0.0,,
CLI015334,OF002,,,0.0,18.0,,
CLI015383,OF003,mal_momento,0.0,0.0,17.5,,
CLI015402,OF002,,,0.0,23.33333333333333,,
CLI015412,OF002,precio,61.0,0.0,1.3333333333333333,,
CLI015413,OF002,,,3.0,18.33333333333333,,
CLI015432,OF004,,,3.0,27.0,,
CLI015479,OF002,mal_momento,92.0,0.0,17.0,no_confia,120.0
CLI015485,OF003,no_necesita,61.0,2.0,0.0,,
CLI015489,OF003,precio,0.0,1.0,9.833333333333334,,
CLI015529,OF003,ya_tiene_similar,61.0,3.0,17.333333333333332,,
CLI015587,OF003,precio,31.0,0.0,0.0,,
CLI015589,OF004,otro,151.0,0.0,22.5,otro,151.0
CLI015740,OF002,precio,61.0,0.0,9.0,,
CLI015816,OF002,no_confia,31.0,2.0,0.0,no_confia,31.0
CLI015854,OF003,precio,0.0,0.0,7.5,,
CLI015859,OF004,mal_momento,31.0,0.0,0.0,mal_momento,31.0
CLI015886,OF004,ya_tiene_similar,61.0,0.0,0.0,,
CLI015892,OF002,,,1.0,15.666666666666666,,
CLI015927,OF002,ya_tiene_similar,0.0,0.0,2.0,,
CLI015978,OF003,precio,31.0,0.0,9.333333333333334,,
CLI015979,OF004,precio,0.0,0.0,0.0,precio,0.0
CLI016059,OF004,,,3.0,22.166666666666668,,
CLI016089,OF003,,,3.0,0.0,,
CLI016114,OF004,precio,31.0,0.0,8.5,,
CLI016139,OF004,,,3.0,9.0,,
CLI016146,OF002,precio,61.0,0.0,5.0,,
CLI016154,OF002,,,0.0,24.0,,
CLI016172,OF003,precio,151.0,3.0,8.666666666666666,precio,151.0
CLI016173,OF004,,,3.0,8.833333333333334,,
CLI016180,OF002,mal_momento,92.0,0.0,22.83333333333333,,
CLI016184,OF004,,,3.0,7.833333333333333,,
CLI016234,OF003,,,0.0,15.833333333333334,,
CLI016249,OF004,precio,151.0,3.0,2.5,precio,151.0
CLI016275,OF003,,,0.0,29.666666666666668,,
CLI016296,OF003,no_necesita,31.0,0.0,9.0,no_necesita,61.0
CLI016373,OF003,mal_momento,61.0,0.0,5.833333333333333,,
CLI016385,OF002,no_necesita,120.0,0.0,19.83333333333333,,
CLI016434,OF002,precio,31.0,0.0,8.166666666666666,,
CLI016441,OF004,,,3.0,11.0,,
CLI016479,OF002,no_necesita,0.0,0.0,9.333333333333334,,
CLI016516,OF003,no_necesita,31.0,0.0,0.0,no_necesita,31.0
CLI016528,OF002,ya_tiene_similar,31.0,0.0,15.666666666666666,,
CLI016573,OF004,no_confia,61.0,0.0,4.833333333333333,,
CLI016595,OF002,ya_tiene_similar,61.0,0.0,6.833333333333333,,
CLI016612,OF003,,,1.0,24.33333333333333,,
CLI016628,OF003,no_confia,0.0,3.0,13.0,,
CLI016652,OF003,ya_tiene_similar,31.0,0.0,18.0,,
CLI016679,OF004,precio,61.0,2.0,0.0,,
CLI016700,OF003,no_necesita,31.0,0.0,13.0,,
CLI016716,OF002,,,3.0,26.166666666666668,,
CLI016862,OF002,,,0.0,20.83333333333333,,
CLI016875,OF004,no_confia,61.0,0.0,0.0,,
CLI016921,OF003,precio,92.0,0.0,19.0,,
CLI016961,OF002,,,0.0,20.83333333333333,,
CLI016962,OF003,,,2.0,40.16666666666666,,
CLI017070,OF002,precio,0.0,0.0,0.0,,
CLI017092,OF004,,,3.0,0.0,,
CLI017114,OF003,precio,0.0,0.0,5.833333333333333,,
CLI017123,OF003,,,0.0,16.0,,
CLI017128,OF004,ya_tiene_similar,61.0,0.0,7.0,,
CLI017163,OF004,,,3.0,14.666666666666666,,
CLI017168,OF004,,,0.0,21.33333333333333,,
CLI017181,OF004,,,0.0,18.166666666666668,,
CLI017187,OF002,no_confia,61.0,0.0,0.0,,
CLI017191,OF002,no_necesita,0.0,0.0,3.1666666666666665,no_necesita,0.0
CLI017228,OF002,otro,61.0,2.0,10.166666666666666,otro,61.0
CLI017243,OF004,,,0.0,19.0,,
CLI017265,OF004,no_confia,0.0,0.0,9.166666666666666,no_confia,0.0
CLI017266,OF003,no_necesita,92.0,1.0,28.166666666666668,,
CLI017276,OF003,precio,0.0,0.0,0.0,,
CLI017313,OF004,no_necesita,0.0,0.0,3.6666666666666665,,
CLI017361,OF004,,,0.0,18.166666666666668,,
CLI017372,OF002,precio,92.0,0.0,15.166666666666666,,
CLI017375,OF002,mal_momento,61.0,0.0,0.0,,
CLI017385,OF002,no_necesita,61.0,0.0,21.33333333333333,,
CLI017402,OF004,precio,0.0,0.0,1.6666666666666667,,
CLI017406,OF003,,,0.0,16.833333333333332,,
CLI017425,OF004,precio,92.0,0.0,22.83333333333333,,
CLI017448,OF002,precio,120.0,0.0,17.333333333333332,,
CLI017477,OF002,,,0.0,15.5,,
CLI017504,OF004,precio,61.0,0.0,0.0,,
CLI017509,OF003,precio,31.0,1.0,10.666666666666666,,
CLI017519,OF002,precio,31.0,0.0,5.833333333333333,precio,31.0
CLI017520,OF002,,,0.0,17.833333333333332,,
CLI017523,OF003,,,1.0,25.83333333333333,,
CLI017535,OF003,,,3.0,0.0,,
CLI017554,OF003,,,3.0,6.166666666666667,,
CLI017607,OF003,,,3.0,4.0,,
CLI017658,OF003,,,0.0,16.5,,
CLI017676,OF003,,,0.0,16.666666666666668,,
CLI017723,OF003,precio,61.0,3.0,6.333333333333333,precio,61.0
CLI017747,OF004,,,2.0,19.83333333333333,,
CLI017761,OF003,,,3.0,7.5,,
CLI017766,OF003,no_necesita,31.0,2.0,0.0,,
CLI017768,OF002,,,0.0,16.666666666666668,,
CLI017776,OF002,otro,31.0,0.0,5.666666666666667,otro,31.0
CLI017860,OF004,,,0.0,21.666666666666668,,
CLI017879,OF003,no_confia,31.0,1.0,0.0,,
CLI017891,OF003,no_confia,61.0,2.0,0.0,,
CLI017952,OF004,,,0.0,26.666666666666668,,
CLI017956,OF002,no_necesita,61.0,0.0,0.0,,
CLI017969,OF003,precio,61.0,0.0,0.0,,
CLI018042,OF003,,,0.0,31.83333333333333,,
CLI018059,OF002,precio,0.0,0.0,10.0,precio,0.0
CLI018101,OF004,ya_tiene_similar,0.0,0.0,9.333333333333334,,
CLI018102,OF003,,,0.0,19.83333333333333,,
CLI018151,OF003,precio,31.0,0.0,8.166666666666666,precio,31.0
CLI018165,OF004,precio,0.0,0.0,0.0,,
CLI018167,OF003,,,0.0,18.166666666666668,,
CLI018172,OF003,precio,0.0,2.0,39.5,precio,0.0
CLI018181,OF002,ya_tiene_similar,31.0,0.0,9.833333333333334,,
CLI018200,OF004,otro,31.0,0.0,8.833333333333334,,
CLI018235,OF003,,,2.0,28.5,,
CLI018251,OF004,,,0.0,15.666666666666666,,
CLI018254,OF003,ya_tiene_similar,120.0,0.0,22.0,,
CLI018259,OF003,no_necesita,61.0,0.0,0.0,,
CLI018269,OF002,precio,120.0,0.0,22.166666666666668,,
CLI018286,OF004,precio,31.0,0.0,16.166666666666668,precio,31.0
CLI018340,OF003,,,0.0,16.166666666666668,,
CLI018347,OF003,ya_tiene_similar,31.0,0.0,1.8333333333333333,,
CLI018381,OF002,,,0.0,15.666666666666666,,
CLI018415,OF002,,,3.0,0.0,,
CLI018430,OF003,,,2.0,31.83333333333333,,
CLI018437,OF003,,,2.0,24.5,,
CLI018452,OF002,ya_tiene_similar,61.0,0.0,9.666666666666666,ya_tiene_similar,61.0
CLI018505,OF003,no_confia,61.0,0.0,14.333333333333334,,
CLI018524,OF002,precio,61.0,0.0,28.0,,
CLI018531,OF004,,,3.0,8.333333333333334,,
CLI018608,OF003,no_necesita,0.0,0.0,0.0,,
CLI018630,OF004,no_necesita,151.0,3.0,6.166666666666667,,
CLI018633,OF003,precio,0.0,0.0,0.0,,
CLI018715,OF003,,,0.0,16.333333333333332,,
CLI018741,OF002,no_confia,61.0,1.0,10.833333333333334,no_confia,61.0
CLI018747,OF003,no_necesita,61.0,0.0,23.5,no_necesita,61.0
CLI018752,OF002,,,0.0,18.33333333333333,,
CLI018780,OF002,,,0.0,26.5,,
CLI018789,OF004,,,0.0,21.33333333333333,,
CLI018797,OF002,,,0.0,15.333333333333334,,
CLI018799,OF004,ya_tiene_similar,92.0,1.0,21.5,ya_tiene_similar,92.0
CLI018883,OF003,,,3.0,16.166666666666668,,
CLI018897,OF003,precio,31.0,2.0,21.33333333333333,,
CLI018932,OF004,precio,151.0,3.0,11.5,,
CLI019019,OF002,,,0.0,22.33333333333333,,
CLI019027,OF003,ya_tiene_similar,120.0,0.0,15.666666666666666,,
CLI019050,OF003,,,0.0,18.166666666666668,,
CLI019112,OF002,,,0.0,18.666666666666668,,
CLI019129,OF002,,,3.0,18.33333333333333,,
CLI019162,OF002,no_confia,61.0,0.0,3.6666666666666665,,
CLI019213,OF003,precio,0.0,0.0,9.166666666666666,precio,0.0
CLI019282,OF002,mal_momento,31.0,0.0,15.0,,
CLI019284,OF004,ya_tiene_similar,120.0,0.0,17.0,,
CLI019288,OF004,,,3.0,9.0,,
CLI019313,OF002,,,3.0,23.166666666666668,,
CLI019326,OF003,ya_tiene_similar,31.0,0.0,2.5,ya_tiene_similar,31.0
CLI019335,OF002,precio,0.0,2.0,17.166666666666668,precio,0.0
CLI019340,OF003,,,0.0,20.0,,
CLI019378,OF002,precio,61.0,1.0,6.333333333333333,,
CLI019411,OF004,precio,0.0,0.0,4.5,,
CLI019441,OF002,no_necesita,61.0,0.0,17.166666666666668,no_necesita,61.0
CLI019469,OF002,precio,31.0,0.0,16.833333333333332,precio,31.0
CLI019488,OF003,,,0.0,15.666666666666666,,
CLI019584,OF003,no_necesita,31.0,0.0,20.33333333333333,,
CLI019605,OF003,,,0.0,19.0,,
CLI019610,OF004,precio,0.0,3.0,28.166666666666668,,
CLI019620,OF002,no_necesita,61.0,0.0,0.0,,
CLI019649,OF002,,,3.0,17.666666666666668,,
CLI019690,OF003,ya_tiene_similar,61.0,0.0,24.5,,
CLI019753,OF003,precio,61.0,0.0,11.333333333333334,precio,61.0
CLI019801,OF003,precio,151.0,3.0,10.833333333333334,,
CLI019804,OF003,,,1.0,15.333333333333334,,
CLI019810,OF003,precio,31.0,0.0,8.5,precio,31.0
CLI019850,OF002,,,0.0,35.5,,
CLI019876,OF004,precio,120.0,0.0,19.166666666666668,,
CLI019895,OF003,precio,0.0,0.0,0.0,,
CLI019902,OF003,,,2.0,27.83333333333333,,
CLI019907,OF004,otro,0.0,3.0,8.166666666666666,no_confia,61.0
CLI019919,OF003,precio,61.0,3.0,0.0,,
CLI019953,OF003,precio,31.0,0.0,11.333333333333334,,
CLI019988,OF002,,,0.0,20.0,,
CLI019996,OF004,,,3.0,17.666666666666668,,
CLI020006,OF003,,,3.0,17.333333333333332,,
CLI020016,OF004,,,0.0,16.333333333333332,,
CLI020017,OF002,,,0.0,17.166666666666668,,
CLI020023,OF002,mal_momento,31.0,0.0,12.833333333333334,,
CLI020122,OF004,no_confia,61.0,0.0,1.8333333333333333,,
CLI020152,OF004,no_necesita,0.0,1.0,3.1666666666666665,,
CLI020165,OF002,,,3.0,8.166666666666666,,
CLI020168,OF003,mal_momento,31.0,0.0,2.6666666666666665,,
CLI020170,OF003,precio,61.0,0.0,5.833333333333333,,
CLI020239,OF004,no_confia,0.0,0.0,0.0,,
CLI020322,OF002,mal_momento,0.0,0.0,11.0,,
CLI020353,OF002,mal_momento,0.0,0.0,4.166666666666667,,
CLI020358,OF003,precio,0.0,0.0,17.166666666666668,,
CLI020362,OF003,,,2.0,15.333333333333334,,
CLI020434,OF004,precio,31.0,3.0,8.333333333333334,,
CLI020445,OF003,precio,61.0,3.0,17.166666666666668,precio,61.0
CLI020495,OF002,precio,92.0,0.0,19.0,precio,92.0
CLI020533,OF002,,,0.0,17.166666666666668,,
CLI020545,OF003,precio,0.0,0.0,12.5,,
CLI020568,OF002,precio,0.0,0.0,11.666666666666666,precio,0.0
CLI020569,OF003,ya_tiene_similar,31.0,0.0,0.0,,
CLI020580,OF004,ya_tiene_similar,92.0,3.0,19.166666666666668,,
CLI020591,OF003,otro,31.0,0.0,15.0,otro,31.0
CLI020639,OF002,precio,31.0,0.0,25.33333333333333,ya_tiene_similar,92.0
CLI020649,OF004,,,3.0,21.0,,
CLI020654,OF003,ya_tiene_similar,0.0,0.0,10.333333333333334,ya_tiene_similar,0.0
CLI020684,OF003,precio,31.0,2.0,0.8333333333333334,,
CLI020766,OF002,,,0.0,21.83333333333333,,
CLI020793,OF003,no_necesita,0.0,0.0,14.666666666666666,,
CLI020849,OF003,no_confia,61.0,0.0,0.0,,
CLI020876,OF004,,,3.0,7.833333333333333,,
CLI020883,OF003,ya_tiene_similar,31.0,0.0,0.0,,
CLI020911,OF002,,,0.0,17.5,,
CLI020940,OF004,no_necesita,61.0,0.0,4.833333333333333,,
CLI020984,OF004,precio,31.0,0.0,0.0,,
CLI021011,OF002,precio,31.0,0.0,1.8333333333333333,precio,31.0
CLI021020,OF003,mal_momento,0.0,0.0,10.0,,
CLI021026,OF002,otro,61.0,0.0,16.333333333333332,otro,61.0
CLI021027,OF003,mal_momento,0.0,1.0,29.166666666666668,,
CLI021088,OF002,,,3.0,16.0,,
CLI021137,OF002,otro,0.0,1.0,0.0,,
CLI021167,OF003,no_confia,31.0,0.0,15.5,,
CLI021169,OF003,precio,61.0,0.0,8.0,,
CLI021175,OF002,no_necesita,61.0,0.0,7.666666666666667,,
CLI021195,OF004,,,3.0,5.666666666666667,,
CLI021220,OF002,precio,61.0,0.0,11.833333333333334,no_necesita,151.0
CLI021221,OF003,ya_tiene_similar,31.0,1.0,18.666666666666668,,
CLI021235,OF003,,,0.0,17.666666666666668,,
CLI021240,OF002,precio,61.0,0.0,0.0,,
CLI021256,OF003,,,0.0,15.0,,
CLI021260,OF003,,,0.0,17.333333333333332,,
CLI021269,OF003,,,3.0,23.666666666666668,,
CLI021308,OF002,,,0.0,23.5,,
CLI021386,OF002,,,0.0,29.166666666666668,,
CLI021388,OF002,precio,0.0,0.0,4.666666666666667,,
CLI021426,OF003,precio,61.0,0.0,7.666666666666667,,
CLI021438,OF004,,,3.0,3.6666666666666665,,
CLI021503,OF003,,,0.0,19.83333333333333,,
CLI021525,OF004,no_confia,31.0,0.0,0.0,,
CLI021562,OF002,precio,31.0,0.0,0.0,,
CLI021632,OF003,,,0.0,23.0,,
CLI021656,OF004,precio,120.0,3.0,6.333333333333333,,
CLI021669,OF004,,,3.0,7.666666666666667,,
CLI021687,OF003,otro,0.0,0.0,0.0,,
CLI021693,OF003,precio,0.0,2.0,14.166666666666666,,
CLI021713,OF004,,,0.0,18.5,,
CLI021719,OF003,,,1.0,27.166666666666668,,
CLI021740,OF003,precio,61.0,0.0,6.0,,
CLI021783,OF004,ya_tiene_similar,120.0,1.0,27.33333333333333,ya_tiene_similar,120.0
CLI021872,OF002,,,0.0,19.666666666666668,,
CLI021873,OF003,precio,0.0,0.0,17.833333333333332,,
CLI021956,OF003,,,3.0,11.666666666666666,,
CLI021959,OF004,no_necesita,61.0,1.0,11.666666666666666,,
CLI021966,OF004,mal_momento,92.0,0.0,16.666666666666668,,
CLI021996,OF004,,,3.0,0.0,,
CLI022019,OF003,,,0.0,22.83333333333333,,
CLI022038,OF004,ya_tiene_similar,61.0,1.0,21.666666666666668,,
CLI022055,OF002,mal_momento,0.0,0.0,0.0,mal_momento,0.0
CLI022149,OF002,precio,0.0,3.0,8.166666666666666,,
CLI022160,OF002,,,3.0,0.0,,
CLI022206,OF004,otro,0.0,0.0,2.0,otro,0.0
CLI022216,OF003,,,3.0,9.5,,
CLI022258,OF004,,,0.0,17.833333333333332,,
CLI022262,OF002,,,3.0,17.833333333333332,,
CLI022278,OF004,,,2.0,17.833333333333332,,
CLI022301,OF003,precio,0.0,0.0,10.0,precio,0.0
CLI022326,OF004,no_confia,61.0,1.0,18.83333333333333,precio,92.0
CLI022377,OF002,precio,31.0,0.0,0.0,precio,31.0
CLI022387,OF002,precio,61.0,0.0,4.833333333333333,,
CLI022413,OF003,,,3.0,11.0,,
CLI022425,OF003,no_necesita,61.0,0.0,6.666666666666667,,
CLI022462,OF002,,,0.0,20.33333333333333,,
CLI022483,OF003,ya_tiene_similar,92.0,3.0,5.5,,
CLI022518,OF002,no_necesita,0.0,0.0,12.333333333333334,,
CLI022569,OF003,,,0.0,16.0,,
CLI022601,OF002,no_necesita,31.0,0.0,9.5,,
CLI022628,OF003,mal_momento,92.0,2.0,17.833333333333332,,
CLI022632,OF004,,,0.0,24.666666666666668,,
CLI022697,OF002,,,3.0,12.5,,
CLI022712,OF003,,,2.0,16.333333333333332,,
CLI022719,OF003,precio,0.0,0.0,12.5,,
CLI022735,OF003,no_necesita,0.0,0.0,10.666666666666666,,
CLI022748,OF003,,,0.0,17.833333333333332,,
CLI022765,OF004,no_confia,31.0,2.0,0.0,no_confia,120.0
CLI022779,OF004,ya_tiene_similar,61.0,0.0,8.666666666666666,ya_tiene_similar,61.0
CLI022829,OF002,,,0.0,16.166666666666668,,
CLI022834,OF003,no_necesita,0.0,0.0,4.333333333333333,,
CLI022972,OF004,,,0.0,24.33333333333333,,
CLI022999,OF002,mal_momento,0.0,0.0,0.0,,
CLI023025,OF004,precio,0.0,0.0,6.666666666666667,,
CLI023157,OF002,,,3.0,24.666666666666668,,
CLI023186,OF003,no_necesita,61.0,0.0,0.0,,
CLI023232,OF002,precio,0.0,0.0,13.5,,
CLI023274,OF003,,,3.0,14.666666666666666,,
CLI023280,OF002,mal_momento,0.0,0.0,9.333333333333334,mal_momento,0.0
CLI023314,OF002,mal_momento,31.0,0.0,0.0,mal_momento,31.0
CLI023329,OF002,no_confia,0.0,0.0,7.333333333333333,no_confia,0.0
CLI023343,OF004,,,3.0,26.666666666666668,,
CLI023374,OF003,mal_momento,0.0,0.0,0.0,,
CLI023409,OF004,no_necesita,61.0,1.0,14.666666666666666,no_necesita,61.0
CLI023419,OF002,mal_momento,0.0,0.0,0.0,,
CLI023451,OF004,ya_tiene_similar,61.0,0.0,8.333333333333334,,
CLI023466,OF003,ya_tiene_similar,31.0,3.0,11.166666666666666,ya_tiene_similar,31.0
CLI023467,OF003,precio,61.0,0.0,3.5,,
CLI023485,OF002,precio,31.0,0.0,7.666666666666667,,
CLI023486,OF003,precio,31.0,0.0,3.1666666666666665,,
CLI023524,OF003,,,2.0,21.5,,
CLI023584,OF003,,,3.0,13.666666666666666,,
CLI023588,OF002,precio,61.0,0.0,0.0,,
CLI023606,OF003,ya_tiene_similar,120.0,0.0,18.666666666666668,,
CLI023618,OF002,mal_momento,0.0,0.0,0.0,,
CLI023619,OF004,mal_momento,151.0,2.0,15.666666666666666,mal_momento,151.0
CLI023637,OF003,mal_momento,61.0,0.0,0.0,,
CLI023641,OF003,,,3.0,11.833333333333334,,
CLI023656,OF002,precio,61.0,0.0,4.0,,
CLI023670,OF002,precio,61.0,2.0,5.5,,
CLI023686,OF003,precio,61.0,0.0,8.833333333333334,,
CLI023701,OF002,otro,61.0,0.0,8.666666666666666,otro,61.0
CLI023705,OF004,precio,120.0,0.0,22.33333333333333,,
CLI023799,OF003,mal_momento,0.0,0.0,0.0,,
CLI023908,OF002,no_confia,92.0,0.0,19.5,,
CLI023941,OF004,,,0.0,15.333333333333334,,
CLI023962,OF002,no_confia,0.0,3.0,22.666666666666668,,
CLI024015,OF002,no_confia,0.0,0.0,7.0,no_confia,0.0
CLI024066,OF002,no_necesita,31.0,0.0,3.8333333333333335,,
CLI024107,OF002,no_necesita,0.0,0.0,4.166666666666667,,
CLI024108,OF002,ya_tiene_similar,61.0,0.0,4.833333333333333,,
CLI024225,OF004,precio,61.0,0.0,7.333333333333333,,
CLI024243,OF003,no_necesita,61.0,0.0,0.0,,
CLI024276,OF002,,,2.0,28.83333333333333,,
CLI024317,OF004,,,3.0,4.833333333333333,,
CLI024367,OF003,no_necesita,151.0,1.0,21.666666666666668,,
CLI024371,OF003,,,3.0,14.333333333333334,,
CLI024378,OF003,precio,92.0,3.0,19.33333333333333,,
CLI024411,OF002,,,0.0,20.33333333333333,,
CLI024422,OF003,precio,0.0,0.0,0.0,precio,0.0
CLI024445,OF003,,,2.0,24.5,,
CLI024489,OF002,ya_tiene_similar,0.0,0.0,0.0,precio,151.0
CLI024539,OF002,,,0.0,15.166666666666666,,
CLI024546,OF002,,,0.0,18.166666666666668,,
CLI024580,OF003,no_necesita,0.0,0.0,3.6666666666666665,,
CLI024611,OF002,ya_tiene_similar,61.0,3.0,13.333333333333334,ya_tiene_similar,61.0
CLI024615,OF003,,,0.0,21.666666666666668,,
CLI024627,OF004,,,0.0,19.83333333333333,,
CLI024633,OF003,,,0.0,20.166666666666668,,
CLI024645,OF004,,,2.0,27.0,,
CLI024656,OF004,otro,31.0,0.0,10.666666666666666,,
CLI024658,OF003,no_necesita,61.0,3.0,17.333333333333332,precio,92.0
CLI024689,OF003,no_necesita,61.0,0.0,9.833333333333334,,
CLI024691,OF003,precio,120.0,3.0,0.0,,
CLI024702,OF004,mal_momento,0.0,0.0,14.5,mal_momento,151.0
CLI024709,OF002,,,3.0,8.666666666666666,,
CLI024758,OF003,precio,31.0,0.0,5.0,,
CLI024762,OF004,no_necesita,0.0,0.0,7.0,,
CLI024801,OF002,no_necesita,151.0,0.0,15.833333333333334,,
CLI024819,OF002,precio,61.0,0.0,0.0,,
CLI024827,OF004,ya_tiene_similar,31.0,0.0,8.166666666666666,,
CLI024874,OF002,,,2.0,15.666666666666666,,
CLI024901,OF003,no_confia,0.0,0.0,0.0,,
CLI024920,OF003,,,3.0,27.33333333333333,,
CLI024949,OF002,,,0.0,15.0,,
CLI024965,OF004,no_necesita,120.0,0.0,21.666666666666668,,
CLI024980,OF003,ya_tiene_similar,0.0,0.0,16.0,,
CLI024987,OF004,,,2.0,17.833333333333332,,
CLI025020,OF004,precio,0.0,3.0,0.0,,
CLI025060,OF004,no_confia,120.0,3.0,11.666666666666666,no_confia,120.0
CLI025083,OF004,,,0.0,18.666666666666668,,
CLI025133,OF004,no_confia,0.0,3.0,26.166666666666668,,
CLI025165,OF003,,,3.0,17.333333333333332,,
CLI025178,OF003,precio,0.0,0.0,0.0,,
CLI025207,OF002,no_necesita,92.0,3.0,14.833333333333334,precio,151.0
CLI025208,OF002,ya_tiene_similar,61.0,0.0,14.5,ya_tiene_similar,61.0
CLI025227,OF002,ya_tiene_similar,61.0,0.0,8.0,,
CLI025246,OF004,precio,61.0,0.0,0.0,,
CLI025268,OF004,,,3.0,5.5,,
CLI025269,OF002,no_confia,0.0,0.0,20.5,,
CLI025296,OF004,,,0.0,24.166666666666668,,
CLI025359,OF003,,,0.0,15.833333333333334,,
CLI025368,OF002,precio,61.0,0.0,13.666666666666666,,
CLI025408,OF002,precio,31.0,0.0,10.166666666666666,,
CLI025435,OF002,precio,0.0,0.0,0.0,,
CLI025454,OF003,,,3.0,3.333333333333333,,
CLI025466,OF002,no_necesita,0.0,1.0,27.0,,
CLI025476,OF003,,,0.0,22.83333333333333,,
CLI025496,OF003,,,0.0,15.166666666666666,,
CLI025499,OF004,,,3.0,6.333333333333333,,
CLI025502,OF003,precio,0.0,1.0,0.0,precio,0.0
CLI025539,OF004,no_necesita,0.0,0.0,17.5,,
CLI025568,OF002,no_necesita,0.0,0.0,8.666666666666666,,
CLI025640,OF004,ya_tiene_similar,31.0,0.0,7.5,,
CLI025688,OF002,no_necesita,31.0,0.0,9.666666666666666,,
CLI025704,OF004,,,2.0,16.833333333333332,,
CLI025729,OF003,,,0.0,17.5,,
CLI025753,OF002,no_necesita,151.0,3.0,5.833333333333333,,
CLI025767,OF003,mal_momento,61.0,0.0,0.0,,
CLI025803,OF004,,,0.0,38.0,,
CLI025831,OF003,,,3.0,14.0,,
CLI025847,OF004,no_necesita,61.0,1.0,12.0,,
CLI025948,OF002,no_necesita,31.0,0.0,0.0,no_necesita,31.0
CLI025983,OF002,ya_tiene_similar,120.0,3.0,19.166666666666668,,
CLI026020,OF003,,,3.0,10.166666666666666,,
CLI026052,OF002,precio,151.0,2.0,29.166666666666668,,
CLI026065,OF003,precio,31.0,0.0,7.5,,
CLI026153,OF003,precio,0.0,0.0,15.333333333333334,,
CLI026163,OF003,no_confia,31.0,0.0,14.5,,
CLI026167,OF002,,,3.0,23.666666666666668,,
CLI026176,OF004,,,1.0,22.166666666666668,,
CLI026180,OF002,mal_momento,61.0,0.0,2.0,,
CLI026184,OF003,precio,61.0,0.0,11.333333333333334,,
CLI026191,OF003,,,3.0,0.0,,
CLI026197,OF003,mal_momento,61.0,0.0,5.5,mal_momento,61.0
CLI026213,OF003,,,0.0,17.666666666666668,,
CLI026238,OF002,,,0.0,18.5,,
CLI026263,OF003,,,2.0,17.166666666666668,,
CLI026273,OF004,ya_tiene_similar,61.0,1.0,24.83333333333333,,
CLI026280,OF002,,,0.0,18.5,,
CLI026343,OF003,,,1.0,23.666666666666668,,
CLI026417,OF002,,,3.0,13.666666666666666,,
CLI026455,OF003,precio,0.0,0.0,0.0,,
CLI026473,OF002,,,0.0,18.33333333333333,,
CLI026517,OF002,mal_momento,0.0,0.0,0.0,,
CLI026561,OF003,precio,31.0,0.0,19.5,,
CLI026597,OF003,mal_momento,31.0,0.0,0.0,,
CLI026645,OF003,,,0.0,28.166666666666668,,
CLI026706,OF003,no_necesita,61.0,0.0,7.0,no_necesita,61.0
CLI026715,OF003,,,3.0,8.0,,
CLI026732,OF004,precio,0.0,0.0,9.666666666666666,,
CLI026771,OF003,precio,120.0,0.0,17.333333333333332,,
CLI026780,OF003,no_necesita,61.0,0.0,0.0,,
CLI026794,OF003,,,1.0,27.0,,
CLI026809,OF004,no_necesita,92.0,1.0,15.833333333333334,,
CLI026823,OF003,,,0.0,18.33333333333333,,
CLI026851,OF003,,,0.0,19.666666666666668,,
CLI026910,OF003,,,0.0,18.33333333333333,,
CLI026945,OF002,ya_tiene_similar,31.0,0.0,0.8333333333333334,,
CLI026948,OF002,,,0.0,21.83333333333333,,
CLI026978,OF002,,,3.0,13.166666666666666,,
CLI026992,OF002,otro,61.0,2.0,17.666666666666668,,
CLI027006,OF004,,,3.0,8.5,,
CLI027155,OF003,,,0.0,16.0,,
CLI027225,OF002,no_necesita,61.0,2.0,8.0,no_necesita,61.0
CLI027226,OF003,precio,61.0,0.0,13.833333333333334,,
CLI027280,OF003,,,2.0,27.666666666666668,,
CLI027283,OF004,,,0.0,22.166666666666668,,
CLI027339,OF004,no_confia,31.0,2.0,17.166666666666668,,
CLI027360,OF002,no_necesita,92.0,0.0,18.0,,
CLI027398,OF002,precio,31.0,0.0,9.666666666666666,precio,31.0
CLI027431,OF002,,,0.0,22.33333333333333,,
CLI027439,OF002,,,0.0,16.833333333333332,,
CLI027454,OF003,precio,0.0,1.0,4.833333333333333,,
CLI027479,OF004,precio,61.0,0.0,9.166666666666666,,
CLI027484,OF004,,,3.0,7.833333333333333,,
CLI027515,OF003,precio,0.0,0.0,12.333333333333334,precio,0.0
CLI027517,OF003,mal_momento,31.0,0.0,15.5,,
CLI027554,OF004,precio,0.0,0.0,2.6666666666666665,no_necesita,120.0
CLI027604,OF002,no_confia,61.0,0.0,3.8333333333333335,,
CLI027607,OF003,precio,61.0,1.0,22.166666666666668,,
CLI027627,OF002,,,0.0,16.5,,
CLI027636,OF003,precio,31.0,0.0,0.0,,
CLI027693,OF003,ya_tiene_similar,31.0,2.0,11.166666666666666,,
CLI027773,OF004,,,0.0,23.33333333333333,,
CLI027791,OF004,,,0.0,18.666666666666668,,
CLI027804,OF002,,,0.0,17.333333333333332,,
CLI027845,OF003,,,3.0,6.5,,
CLI027861,OF002,no_necesita,31.0,0.0,8.666666666666666,,
CLI027867,OF002,precio,31.0,0.0,0.0,,
CLI027889,OF003,precio,92.0,2.0,30.166666666666668,,
CLI027894,OF002,precio,31.0,0.0,5.0,,
CLI027916,OF002,precio,0.0,0.0,0.0,,
CLI027937,OF003,ya_tiene_similar,31.0,1.0,28.0,,
CLI027981,OF003,,,0.0,18.5,,
CLI028005,OF004,mal_momento,0.0,1.0,0.0,mal_momento,0.0
CLI028051,OF004,,,0.0,19.666666666666668,,
CLI028091,OF002,,,0.0,15.166666666666666,,
CLI028114,OF002,mal_momento,0.0,0.0,7.666666666666667,,
CLI028129,OF003,precio,0.0,2.0,7.5,,
CLI028140,OF003,no_necesita,0.0,0.0,8.666666666666666,no_confia,151.0
CLI028149,OF003,precio,61.0,0.0,3.8333333333333335,,
CLI028176,OF004,,,1.0,16.333333333333332,,
CLI028225,OF003,mal_momento,31.0,1.0,16.166666666666668,,
CLI028233,OF002,no_necesita,0.0,0.0,0.0,no_necesita,0.0
CLI028258,OF003,ya_tiene_similar,61.0,0.0,0.0,ya_tiene_similar,61.0
CLI028352,OF004,no_necesita,31.0,0.0,5.666666666666667,,
CLI028372,OF004,no_necesita,31.0,1.0,25.5,,
CLI028380,OF002,mal_momento,31.0,0.0,6.833333333333333,mal_momento,31.0
CLI028385,OF003,,,0.0,17.166666666666668,,
CLI028489,OF003,precio,120.0,0.0,17.166666666666668,,
CLI028497,OF004,,,0.0,22.166666666666668,,
CLI028498,OF003,no_confia,92.0,0.0,19.0,,
CLI028509,OF004,,,0.0,20.0,,
CLI028518,OF002,no_confia,31.0,2.0,6.166666666666667,no_confia,31.0
CLI028529,OF004,,,3.0,9.5,,
CLI028593,OF002,otro,0.0,0.0,0.0,otro,0.0
CLI028598,OF004,,,0.0,28.83333333333333,,
CLI028695,OF003,precio,61.0,0.0,12.166666666666666,,
CLI028726,OF004,,,3.0,14.333333333333334,,
CLI028743,OF002,no_necesita,0.0,1.0,12.833333333333334,,
CLI028748,OF004,,,2.0,15.333333333333334,,
CLI028771,OF003,,,0.0,19.666666666666668,,
CLI028838,OF002,,,0.0,18.666666666666668,,
CLI028839,OF002,precio,31.0,0.0,1.6666666666666667,,
CLI028840,OF002,,,0.0,18.5,,
CLI028846,OF002,precio,31.0,0.0,0.0,precio,31.0
CLI028941,OF004,,,3.0,18.83333333333333,,
CLI028945,OF002,,,1.0,19.666666666666668,,
CLI028969,OF004,,,0.0,21.33333333333333,,
CLI028975,OF004,,,0.0,15.666666666666666,,
CLI029031,OF003,no_necesita,31.0,0.0,20.83333333333333,no_necesita,31.0
CLI029059,OF004,precio,31.0,0.0,5.833333333333333,ya_tiene_similar,120.0
CLI029088,OF003,,,3.0,8.666666666666666,,
CLI029095,OF002,precio,0.0,0.0,0.0,,
CLI029107,OF004,,,3.0,0.0,,
CLI029124,OF002,precio,31.0,0.0,0.0,precio,31.0
CLI029131,OF003,no_necesita,61.0,0.0,19.666666666666668,,
CLI029143,OF002,no_confia,0.0,0.0,9.5,no_confia,0.0
CLI029185,OF004,no_necesita,0.0,2.0,12.166666666666666,no_necesita,0.0
CLI029200,OF004,no_confia,31.0,1.0,21.666666666666668,,
CLI029203,OF003,,,3.0,4.166666666666667,,
CLI029224,OF002,precio,61.0,0.0,3.8333333333333335,,
CLI029261,OF003,no_necesita,0.0,0.0,0.0,,
CLI029325,OF004,mal_momento,151.0,0.0,18.166666666666668,,
CLI029348,OF004,,,1.0,18.33333333333333,,
CLI029354,OF002,mal_momento,61.0,0.0,7.0,,
CLI029391,OF003,,,0.0,19.0,,
CLI029432,OF002,,,2.0,22.0,,
CLI029453,OF004,no_necesita,31.0,3.0,17.833333333333332,,
CLI029501,OF004,no_necesita,61.0,0.0,0.0,,
CLI029532,OF002,precio,31.0,0.0,0.0,precio,31.0
CLI029553,OF003,no_confia,61.0,2.0,22.666666666666668,,
CLI029576,OF004,,,0.0,16.5,,
CLI029597,OF003,precio,61.0,0.0,15.333333333333334,no_confia,151.0
CLI029614,OF002,mal_momento,61.0,0.0,1.3333333333333333,,
CLI029663,OF003,precio,92.0,3.0,3.5,,
CLI029690,OF002,,,0.0,28.166666666666668,,
CLI029717,OF003,no_necesita,31.0,0.0,13.5,mal_momento,151.0
CLI029736,OF004,no_necesita,0.0,0.0,7.833333333333333,,
CLI029794,OF002,,,0.0,25.83333333333333,,
CLI029817,OF003,,,0.0,15.833333333333334,,
CLI029837,OF002,no_necesita,0.0,0.0,5.666666666666667,no_necesita,0.0
CLI029840,OF002,,,0.0,22.0,,
CLI029868,OF004,,,0.0,17.833333333333332,,
CLI029879,OF002,,,0.0,18.33333333333333,,
CLI029881,OF004,,,0.0,21.33333333333333,,
CLI029939,OF003,no_confia,61.0,0.0,7.333333333333333,,
CLI029951,OF002,,,0.0,25.166666666666668,,
CLI029962,OF004,ya_tiene_similar,61.0,1.0,15.833333333333334,ya_tiene_similar,61.0
CLI029981,OF003,precio,31.0,0.0,9.0,,
CLI030022,OF002,,,0.0,23.666666666666668,,
CLI030028,OF003,,,0.0,17.833333333333332,,
CLI030097,OF004,precio,61.0,2.0,16.333333333333332,,
CLI030103,OF003,,,0.0,17.666666666666668,,
CLI030128,OF002,,,0.0,21.0,,
CLI030208,OF003,precio,0.0,2.0,7.333333333333333,,
CLI030209,OF004,mal_momento,0.0,0.0,4.333333333333333,ya_tiene_similar,31.0
CLI030302,OF004,precio,92.0,1.0,20.83333333333333,,
CLI030305,OF002,precio,0.0,3.0,7.333333333333333,,
CLI030310,OF003,ya_tiene_similar,31.0,1.0,10.5,precio,31.0
CLI030315,OF003,precio,61.0,2.0,20.166666666666668,,
CLI030344,OF004,precio,120.0,3.0,1.6666666666666667,,
CLI030374,OF004,,,0.0,23.0,,
CLI030496,OF002,no_necesita,0.0,3.0,14.166666666666666,,
CLI030532,OF002,,,0.0,25.83333333333333,,
CLI030572,OF002,precio,61.0,3.0,14.166666666666666,,
CLI030608,OF002,precio,61.0,0.0,13.0,,
CLI030670,OF003,no_necesita,120.0,2.0,27.666666666666668,,
CLI030694,OF002,ya_tiene_similar,61.0,0.0,2.5,,
CLI030695,OF004,mal_momento,0.0,0.0,17.166666666666668,,
CLI030755,OF003,,,0.0,17.5,,
CLI030767,OF003,no_necesita,0.0,1.0,32.0,precio,120.0
CLI030840,OF004,,,0.0,21.0,,
CLI030891,OF003,no_necesita,31.0,0.0,4.833333333333333,,
CLI030899,OF004,ya_tiene_similar,120.0,3.0,5.166666666666667,,
CLI030918,OF003,ya_tiene_similar,120.0,1.0,23.33333333333333,,
CLI030920,OF003,mal_momento,0.0,0.0,0.0,,
CLI030922,OF002,no_confia,61.0,0.0,6.0,no_confia,61.0
CLI030925,OF003,,,0.0,17.666666666666668,,
CLI030931,OF003,no_necesita,0.0,0.0,7.333333333333333,,
CLI030932,OF002,precio,0.0,0.0,17.333333333333332,,
CLI030984,OF004,,,1.0,15.833333333333334,,
CLI030988,OF003,,,0.0,18.33333333333333,,
CLI031051,OF003,,,3.0,13.166666666666666,,
CLI031065,OF002,,,0.0,16.666666666666668,,
CLI031121,OF003,precio,120.0,2.0,18.666666666666668,precio,120.0
CLI031123,OF002,no_necesita,0.0,0.0,4.333333333333333,,
CLI031155,OF003,ya_tiene_similar,31.0,2.0,3.1666666666666665,,
CLI031204,OF002,no_confia,0.0,0.0,10.666666666666666,no_confia,0.0
CLI031255,OF003,ya_tiene_similar,0.0,0.0,4.333333333333333,,
CLI031258,OF004,otro,61.0,0.0,15.5,,
CLI031303,OF003,otro,92.0,2.0,16.0,,
CLI031323,OF002,,,0.0,19.83333333333333,,
CLI031341,OF004,no_necesita,61.0,1.0,3.0,,
CLI031426,OF003,,,1.0,20.83333333333333,,
CLI031436,OF003,mal_momento,61.0,0.0,0.0,,
CLI031453,OF004,mal_momento,61.0,0.0,6.333333333333333,,
CLI031465,OF004,mal_momento,61.0,0.0,25.166666666666668,,
CLI031481,OF003,mal_momento,0.0,0.0,9.666666666666666,precio,151.0
CLI031534,OF003,,,1.0,36.0,,
CLI031544,OF004,no_necesita,31.0,0.0,17.333333333333332,,
CLI031559,OF002,,,0.0,35.333333333333336,,
CLI031607,OF004,,,3.0,11.333333333333334,,
CLI031675,OF004,precio,0.0,0.0,9.5,,
CLI031761,OF003,,,0.0,22.83333333333333,,
CLI031775,OF002,ya_tiene_similar,0.0,0.0,0.0,,
CLI031806,OF004,precio,92.0,3.0,14.5,,
CLI031807,OF003,precio,61.0,2.0,16.833333333333332,,
CLI031812,OF003,,,0.0,16.0,,
CLI031817,OF004,,,3.0,6.333333333333333,,
CLI031836,OF002,precio,61.0,0.0,19.0,,
CLI031860,OF004,no_necesita,92.0,3.0,30.166666666666668,no_necesita,92.0
CLI031889,OF004,ya_tiene_similar,0.0,1.0,7.166666666666667,ya_tiene_similar,0.0
CLI031937,OF002,no_necesita,31.0,0.0,7.833333333333333,,
CLI031946,OF004,,,3.0,0.0,,
CLI031952,OF003,ya_tiene_similar,0.0,0.0,3.5,,
CLI031995,OF004,no_confia,31.0,0.0,5.666666666666667,,
CLI032013,OF002,ya_tiene_similar,31.0,0.0,2.833333333333333,,
CLI032018,OF002,no_confia,61.0,0.0,0.0,precio,61.0
CLI032027,OF003,otro,92.0,1.0,18.0,,
CLI032033,OF003,precio,61.0,0.0,0.0,precio,61.0
CLI032044,OF003,,,0.0,21.33333333333333,,
CLI032066,OF002,,,0.0,20.666666666666668,,
CLI032073,OF002,mal_momento,31.0,1.0,11.666666666666666,,
CLI032183,OF002,,,0.0,15.333333333333334,,
CLI032189,OF004,no_necesita,61.0,2.0,0.0,no_necesita,61.0
CLI032217,OF002,ya_tiene_similar,0.0,0.0,6.5,precio,92.0
CLI032246,OF003,no_confia,31.0,3.0,33.333333333333336,no_confia,31.0
CLI032258,OF002,,,3.0,9.666666666666666,,
CLI032271,OF003,,,3.0,8.833333333333334,,
CLI032323,OF002,,,0.0,24.33333333333333,,
CLI032330,OF004,,,0.0,18.5,,
CLI032344,OF003,,,0.0,24.33333333333333,,
CLI032359,OF004,no_necesita,92.0,1.0,29.166666666666668,,
CLI032395,OF004,mal_momento,151.0,3.0,27.0,,
CLI032478,OF003,precio,0.0,0.0,2.0,,
CLI032501,OF002,precio,61.0,2.0,0.0,,
CLI032508,OF002,,,0.0,18.5,,
CLI032511,OF002,,,3.0,7.166666666666667,,
CLI032528,OF002,,,0.0,15.166666666666666,,
CLI032543,OF002,precio,0.0,0.0,5.5,,
CLI032545,OF003,,,3.0,29.0,,
CLI032577,OF003,precio,0.0,0.0,4.5,precio,0.0
CLI032594,OF002,,,0.0,21.5,,
CLI032611,OF003,precio,61.0,0.0,0.0,,
CLI032690,OF003,precio,61.0,0.0,2.1666666666666665,,
CLI032699,OF002,precio,31.0,0.0,3.0,,
CLI032731,OF003,precio,0.0,0.0,6.166666666666667,precio,0.0
CLI032770,OF004,otro,31.0,0.0,6.166666666666667,,
CLI032807,OF003,ya_tiene_similar,120.0,0.0,22.33333333333333,,
CLI032810,OF003,precio,92.0,0.0,15.333333333333334,,
CLI032914,OF003,,,0.0,18.0,,
CLI032940,OF004,,,0.0,21.0,,
CLI032968,OF002,ya_tiene_similar,0.0,0.0,0.0,,
CLI033003,OF002,ya_tiene_similar,61.0,0.0,1.5,,
CLI033078,OF002,no_necesita,31.0,0.0,1.1666666666666667,,
CLI033128,OF002,,,3.0,5.333333333333333,,
CLI033138,OF004,,,1.0,15.666666666666666,,
CLI033163,OF004,no_necesita,151.0,2.0,15.833333333333334,,
CLI033181,OF002,precio,61.0,0.0,10.333333333333334,,
CLI033214,OF002,no_necesita,0.0,0.0,0.0,,
CLI033223,OF003,,,0.0,26.83333333333333,,
CLI033226,OF004,no_necesita,92.0,0.0,34.666666666666664,,
CLI033239,OF002,,,2.0,26.166666666666668,,
CLI033271,OF002,precio,0.0,3.0,22.166666666666668,precio,0.0
CLI033313,OF004,,,0.0,16.833333333333332,,
CLI033350,OF003,precio,61.0,0.0,0.0,,
CLI033352,OF003,mal_momento,0.0,0.0,14.833333333333334,,
CLI033394,OF004,,,3.0,0.0,,
CLI033401,OF004,precio,61.0,0.0,9.333333333333334,,
CLI033418,OF004,no_necesita,31.0,0.0,11.0,,
CLI033422,OF002,,,0.0,15.166666666666666,,
CLI033490,OF003,ya_tiene_similar,31.0,0.0,7.333333333333333,,
CLI033511,OF002,precio,61.0,0.0,0.0,,
CLI033555,OF003,ya_tiene_similar,61.0,1.0,9.5,,
CLI033565,OF003,,,3.0,0.0,,
CLI033576,OF003,,,0.0,18.0,,
CLI033626,OF002,no_necesita,61.0,0.0,2.1666666666666665,,
CLI033692,OF002,,,0.0,20.166666666666668,,
CLI033764,OF004,,,0.0,18.166666666666668,,
CLI033790,OF002,precio,61.0,0.0,23.5,precio,151.0
CLI033826,OF004,no_confia,31.0,3.0,8.833333333333334,,
CLI033827,OF003,,,2.0,23.33333333333333,,
CLI033891,OF003,mal_momento,31.0,0.0,11.5,mal_momento,31.0
CLI033904,OF003,,,1.0,36.333333333333336,,
CLI033915,OF004,no_necesita,0.0,3.0,12.0,,
CLI033925,OF002,no_necesita,0.0,0.0,14.5,,
CLI033939,OF003,precio,0.0,0.0,7.166666666666667,,
CLI033954,OF003,,,3.0,33.833333333333336,,
CLI033957,OF003,no_confia,0.0,1.0,22.0,,
CLI033990,OF002,no_necesita,92.0,0.0,15.166666666666666,,
CLI034001,OF003,,,2.0,18.166666666666668,,
CLI034004,OF004,,,1.0,24.0,,
CLI034046,OF003,no_necesita,0.0,0.0,5.666666666666667,no_necesita,0.0
CLI034051,OF004,mal_momento,31.0,3.0,7.666666666666667,,
CLI034053,OF003,,,0.0,18.5,,
CLI034066,OF002,,,0.0,15.833333333333334,,
CLI034086,OF004,precio,151.0,0.0,28.166666666666668,,
CLI034111,OF003,no_necesita,61.0,0.0,0.0,no_necesita,61.0
CLI034141,OF002,mal_momento,31.0,0.0,9.333333333333334,,
CLI034191,OF003,,,2.0,20.166666666666668,,
CLI034275,OF003,precio,0.0,1.0,16.5,precio,0.0
CLI034315,OF004,,,1.0,21.166666666666668,,
CLI034327,OF003,ya_tiene_similar,61.0,0.0,12.5,,
CLI034334,OF002,,,2.0,17.333333333333332,,
CLI034340,OF004,,,2.0,22.33333333333333,,
CLI034345,OF003,no_necesita,92.0,3.0,1.8333333333333333,,
CLI034369,OF003,no_necesita,61.0,1.0,7.333333333333333,no_necesita,61.0
CLI034434,OF003,otro,31.0,0.0,11.5,,
CLI034435,OF004,,,0.0,16.333333333333332,,
CLI034449,OF003,precio,0.0,0.0,8.0,,
CLI034567,OF003,otro,31.0,0.0,0.0,,
CLI034624,OF004,,,0.0,30.5,,
CLI034636,OF002,mal_momento,61.0,0.0,16.0,mal_momento,61.0
CLI034670,OF003,,,0.0,16.833333333333332,,
CLI034690,OF003,,,0.0,29.83333333333333,,
CLI034784,OF003,precio,0.0,0.0,8.0,mal_momento,120.0
CLI034823,OF002,,,0.0,17.0,,
CLI034960,OF003,no_necesita,61.0,0.0,10.333333333333334,,
CLI034964,OF004,,,0.0,28.666666666666668,,
CLI034966,OF004,precio,61.0,0.0,7.166666666666667,,
CLI035051,OF003,no_necesita,31.0,0.0,6.833333333333333,,
CLI035063,OF002,,,0.0,27.666666666666668,,
CLI035185,OF003,,,3.0,16.333333333333332,,
CLI035241,OF004,,,3.0,26.33333333333333,,
CLI035243,OF004,mal_momento,0.0,0.0,0.0,,
CLI035245,OF004,,,0.0,16.166666666666668,,
CLI035250,OF002,ya_tiene_similar,0.0,0.0,3.333333333333333,,
CLI035268,OF004,no_confia,0.0,3.0,9.833333333333334,,
CLI035320,OF002,no_necesita,151.0,0.0,26.166666666666668,no_necesita,151.0
CLI035347,OF003,,,3.0,6.833333333333333,,
CLI035348,OF004,otro,0.0,1.0,2.0,otro,0.0
CLI035379,OF002,precio,31.0,0.0,0.0,,
CLI035407,OF004,otro,61.0,0.0,7.666666666666667,,
CLI035416,OF004,precio,0.0,0.0,16.833333333333332,,
CLI035429,OF003,precio,61.0,0.0,0.0,,
CLI035463,OF002,,,0.0,17.333333333333332,,
CLI035468,OF003,,,1.0,18.166666666666668,,
CLI035482,OF003,,,0.0,26.166666666666668,,
CLI035565,OF002,no_confia,61.0,1.0,6.333333333333333,precio,151.0
CLI035581,OF003,,,3.0,16.0,,
CLI035583,OF004,precio,61.0,0.0,0.0,,
CLI035586,OF003,,,0.0,18.33333333333333,,
CLI035597,OF003,ya_tiene_similar,0.0,0.0,0.0,,
CLI035644,OF003,ya_tiene_similar,151.0,3.0,18.5,ya_tiene_similar,151.0
CLI035665,OF004,,,1.0,16.0,,
CLI035755,OF003,,,3.0,0.0,,
CLI035768,OF003,no_confia,0.0,0.0,24.33333333333333,no_confia,0.0
CLI035771,OF002,,,0.0,15.5,,
CLI035789,OF004,mal_momento,61.0,0.0,0.0,,
CLI035827,OF002,ya_tiene_similar,120.0,2.0,18.0,,
CLI035830,OF002,,,3.0,13.0,,
CLI035837,OF004,no_confia,151.0,0.0,18.83333333333333,,
CLI035864,OF003,precio,0.0,0.0,6.5,,
CLI035877,OF004,no_confia,0.0,0.0,14.666666666666666,,
CLI035885,OF002,,,0.0,15.166666666666666,,
CLI035972,OF002,,,3.0,22.666666666666668,,
CLI036010,OF002,mal_momento,92.0,3.0,9.333333333333334,mal_momento,92.0
CLI036027,OF003,,,0.0,15.166666666666666,,
CLI036102,OF004,no_necesita,31.0,0.0,2.833333333333333,,
CLI036114,OF004,mal_momento,31.0,1.0,18.83333333333333,,
CLI036187,OF002,mal_momento,61.0,1.0,9.833333333333334,,
CLI036211,OF004,,,3.0,0.0,,
CLI036232,OF004,,,3.0,16.333333333333332,,
CLI036265,OF002,no_confia,61.0,0.0,7.0,,
CLI036313,OF002,,,0.0,16.0,,
CLI036317,OF004,,,2.0,18.5,,
CLI036319,OF004,ya_tiene_similar,151.0,3.0,0.0,,
CLI036339,OF003,precio,0.0,0.0,20.83333333333333,,
CLI036340,OF003,precio,61.0,0.0,2.5,precio,61.0
CLI036349,OF003,,,3.0,12.0,,
CLI036373,OF002,no_necesita,31.0,0.0,4.5,,
CLI036422,OF003,precio,151.0,2.0,20.83333333333333,precio,151.0
CLI036451,OF003,ya_tiene_similar,31.0,0.0,18.0,,
CLI036462,OF003,precio,0.0,0.0,15.166666666666666,,
CLI036510,OF003,ya_tiene_similar,92.0,3.0,3.8333333333333335,,
CLI036521,OF003,otro,31.0,0.0,0.0,,
CLI036528,OF002,ya_tiene_similar,31.0,0.0,9.666666666666666,ya_tiene_similar,31.0
CLI036532,OF004,no_confia,0.0,3.0,0.0,mal_momento,31.0
CLI036576,OF003,,,0.0,27.666666666666668,,
CLI036617,OF003,otro,31.0,0.0,0.0,,
CLI036624,OF002,no_confia,61.0,0.0,11.5,,
CLI036639,OF003,no_confia,61.0,0.0,9.833333333333334,,
CLI036649,OF002,otro,61.0,0.0,0.0,,
CLI036673,OF002,,,1.0,16.333333333333332,,
CLI036681,OF004,mal_momento,151.0,0.0,19.0,,
CLI036684,OF003,otro,31.0,0.0,8.0,,
CLI036696,OF003,no_necesita,120.0,0.0,32.0,,
CLI036863,OF003,,,0.0,19.83333333333333,,
CLI036921,OF003,mal_momento,31.0,3.0,24.0,mal_momento,31.0
CLI036928,OF002,ya_tiene_similar,61.0,0.0,7.5,,
CLI036949,OF004,precio,120.0,0.0,21.83333333333333,,
CLI037015,OF003,precio,0.0,0.0,0.0,precio,0.0
CLI037036,OF002,precio,0.0,0.0,4.5,precio,0.0
CLI037037,OF002,,,0.0,16.5,,
CLI037049,OF002,otro,61.0,0.0,13.833333333333334,,
CLI037051,OF003,no_confia,92.0,2.0,32.0,,
CLI037068,OF002,precio,31.0,0.0,0.0,,
CLI037137,OF004,,,0.0,16.5,,
CLI037155,OF002,,,3.0,0.0,,
CLI037156,OF003,ya_tiene_similar,151.0,3.0,29.166666666666668,,
CLI037185,OF004,precio,31.0,1.0,9.166666666666666,,
CLI037190,OF003,,,2.0,26.666666666666668,,
CLI037220,OF002,,,3.0,8.5,,
CLI037223,OF002,,,0.0,22.33333333333333,,
CLI037234,OF003,precio,61.0,0.0,9.0,,
CLI037276,OF004,mal_momento,61.0,0.0,1.5,,
CLI037310,OF002,no_confia,61.0,3.0,11.666666666666666,,
CLI037350,OF004,no_necesita,0.0,0.0,0.0,,
CLI037389,OF003,mal_momento,61.0,0.0,7.0,,
CLI037409,OF002,precio,61.0,0.0,0.0,,
CLI037453,OF002,no_confia,61.0,0.0,9.833333333333334,,
CLI037454,OF003,precio,61.0,0.0,2.333333333333333,,
CLI037461,OF003,no_confia,0.0,0.0,15.833333333333334,,
CLI037465,OF002,,,0.0,15.166666666666666,,
CLI037473,OF004,,,3.0,0.0,,
CLI037480,OF003,precio,151.0,1.0,18.83333333333333,,
CLI037483,OF003,precio,0.0,0.0,0.8333333333333334,,
CLI037502,OF002,otro,31.0,0.0,8.5,otro,31.0
CLI037551,OF002,,,0.0,16.333333333333332,,
CLI037567,OF003,,,3.0,19.666666666666668,,
CLI037603,OF003,no_necesita,151.0,2.0,18.166666666666668,,
CLI037607,OF003,,,0.0,17.166666666666668,,
CLI037611,OF003,ya_tiene_similar,151.0,0.0,17.666666666666668,,
CLI037620,OF002,,,0.0,20.666666666666668,,
CLI037665,OF002,,,0.0,17.833333333333332,,
CLI037675,OF004,otro,31.0,3.0,14.0,,
CLI037678,OF003,,,2.0,38.333333333333336,,
CLI037714,OF004,,,0.0,17.0,,
CLI037750,OF002,,,0.0,16.666666666666668,,
CLI037753,OF003,ya_tiene_similar,0.0,3.0,30.166666666666668,,
CLI037776,OF004,,,1.0,17.333333333333332,,
CLI037836,OF004,,,3.0,8.166666666666666,,
CLI037849,OF002,no_necesita,61.0,0.0,1.8333333333333333,,
CLI037884,OF002,no_confia,61.0,3.0,14.166666666666666,no_confia,61.0
CLI037910,OF003,,,3.0,9.666666666666666,,
CLI037911,OF004,,,0.0,20.33333333333333,,
CLI037927,OF004,precio,31.0,3.0,7.666666666666667,,
CLI037961,OF003,precio,61.0,0.0,0.0,,
CLI037974,OF002,,,0.0,19.83333333333333,,
CLI037976,OF002,,,3.0,0.0,,
CLI037998,OF003,no_necesita,0.0,0.0,0.0,,
CLI038007,OF004,no_necesita,61.0,3.0,7.0,no_necesita,61.0
CLI038011,OF004,no_necesita,61.0,0.0,0.0,,
CLI038051,OF003,no_necesita,0.0,0.0,0.0,,
CLI038094,OF003,no_confia,31.0,0.0,6.0,,
CLI038109,OF003,precio,31.0,0.0,0.0,,
CLI038131,OF003,no_confia,0.0,0.0,7.333333333333333,,
CLI038195,OF004,ya_tiene_similar,92.0,1.0,18.83333333333333,,
CLI038205,OF002,ya_tiene_similar,31.0,0.0,8.666666666666666,ya_tiene_similar,31.0
CLI038220,OF002,,,0.0,20.5,,
CLI038231,OF002,mal_momento,120.0,0.0,16.5,,
CLI038287,OF002,,,0.0,21.166666666666668,,
CLI038288,OF003,no_necesita,0.0,0.0,2.1666666666666665,no_necesita,0.0
CLI038327,OF004,no_confia,0.0,0.0,0.0,,
CLI038349,OF004,,,0.0,19.666666666666668,,
CLI038427,OF004,precio,61.0,0.0,8.333333333333334,,
CLI038505,OF003,precio,0.0,0.0,9.166666666666666,,
CLI038542,OF003,,,0.0,37.66666666666666,,
CLI038544,OF003,no_necesita,0.0,0.0,15.0,precio,92.0
CLI038574,OF004,no_necesita,61.0,0.0,2.1666666666666665,,
CLI038590,OF004,,,3.0,8.833333333333334,,
CLI038602,OF002,,,3.0,8.666666666666666,,
CLI038614,OF003,,,3.0,1.8333333333333333,,
CLI038657,OF004,precio,92.0,3.0,21.33333333333333,,
CLI038687,OF004,no_confia,0.0,0.0,4.166666666666667,no_confia,0.0
CLI038717,OF004,,,3.0,22.0,,
CLI038721,OF004,precio,31.0,0.0,0.0,,
CLI038740,OF002,no_confia,0.0,0.0,10.333333333333334,no_confia,0.0
CLI038817,OF003,,,1.0,18.33333333333333,,
CLI038890,OF002,no_necesita,0.0,0.0,11.666666666666666,,
CLI038897,OF003,,,3.0,6.166666666666667,,
CLI038925,OF004,precio,0.0,2.0,14.833333333333334,,
CLI038932,OF004,mal_momento,0.0,0.0,17.0,,
CLI038972,OF002,ya_tiene_similar,0.0,0.0,6.166666666666667,,
CLI038994,OF002,otro,92.0,0.0,28.5,otro,92.0
CLI039014,OF004,,,3.0,17.333333333333332,,
CLI039038,OF004,,,3.0,7.666666666666667,,
CLI039056,OF002,,,3.0,8.833333333333334,,
CLI039083,OF002,ya_tiene_similar,0.0,0.0,0.0,ya_tiene_similar,0.0
CLI039111,OF004,precio,31.0,3.0,13.0,precio,31.0
CLI039182,OF003,,,0.0,17.833333333333332,,
CLI039210,OF003,,,0.0,24.166666666666668,,
CLI039251,OF004,precio,120.0,3.0,10.5,,
CLI039257,OF004,,,0.0,15.333333333333334,,
CLI039279,OF004,mal_momento,0.0,0.0,13.333333333333334,,
CLI039282,OF002,no_necesita,0.0,0.0,1.8333333333333333,,
CLI039287,OF004,ya_tiene_similar,151.0,0.0,18.83333333333333,,
CLI039312,OF003,precio,61.0,2.0,0.0,,
CLI039322,OF002,precio,0.0,0.0,5.333333333333333,,
CLI039341,OF002,no_confia,31.0,0.0,4.166666666666667,,
CLI039407,OF003,no_necesita,61.0,0.0,13.5,,
CLI039424,OF002,,,1.0,19.0,,
CLI039438,OF002,,,0.0,24.0,,
CLI039457,OF004,,,3.0,9.166666666666666,,
CLI039478,OF002,no_confia,61.0,0.0,0.0,,
CLI039487,OF002,precio,31.0,0.0,19.5,,
CLI039494,OF003,ya_tiene_similar,0.0,0.0,5.666666666666667,,
CLI039551,OF002,,,3.0,0.0,,
CLI039574,OF002,precio,31.0,0.0,14.833333333333334,precio,31.0
CLI039591,OF002,,,0.0,15.166666666666666,,
CLI039636,OF002,,,0.0,20.33333333333333,,
CLI039643,OF004,,,3.0,10.166666666666666,,
CLI039654,OF003,precio,61.0,3.0,9.166666666666666,,
CLI039738,OF002,precio,31.0,0.0,6.0,,
CLI039758,OF002,no_necesita,0.0,0.0,9.5,,
CLI039803,OF004,precio,0.0,2.0,0.0,,
CLI039866,OF003,,,2.0,17.333333333333332,,
CLI039873,OF004,,,2.0,24.666666666666668,,
CLI039893,OF004,no_necesita,61.0,3.0,0.0,,
CLI039909,OF002,otro,0.0,0.0,0.0,,
CLI039914,OF002,,,0.0,17.5,,
CLI039922,OF002,,,3.0,13.166666666666666,,
CLI039933,OF004,,,3.0,0.0,,
CLI039985,OF002,ya_tiene_similar,0.0,2.0,11.666666666666666,,
CLI040006,OF002,no_necesita,0.0,0.0,24.5,,
CLI040046,OF003,,,0.0,16.666666666666668,,
CLI040103,OF003,,,0.0,17.166666666666668,,
CLI040108,OF004,,,1.0,22.33333333333333,,
CLI040154,OF004,mal_momento,0.0,0.0,22.33333333333333,precio,61.0
CLI040166,OF004,,,1.0,25.83333333333333,,
CLI040212,OF002,,,3.0,5.0,,
CLI040216,OF004,,,3.0,5.0,,
CLI040230,OF003,,,0.0,18.0,,
CLI040234,OF004,,,3.0,5.666666666666667,,
CLI040265,OF002,mal_momento,0.0,0.0,0.0,,
CLI040289,OF004,otro,92.0,3.0,12.5,otro,92.0
CLI040296,OF003,precio,61.0,0.0,6.333333333333333,,
CLI040319,OF003,no_confia,61.0,2.0,6.833333333333333,,
CLI040353,OF004,precio,0.0,0.0,7.333333333333333,,
CLI040357,OF002,no_confia,31.0,0.0,13.5,otro,92.0
CLI040364,OF003,mal_momento,61.0,0.0,0.0,,
CLI040423,OF002,precio,31.0,0.0,0.0,,
CLI040463,OF003,,,3.0,22.166666666666668,,
CLI040505,OF004,,,1.0,19.166666666666668,,
CLI040529,OF002,no_necesita,0.0,0.0,8.5,,
CLI040546,OF002,mal_momento,120.0,0.0,17.666666666666668,mal_momento,120.0
CLI040551,OF003,ya_tiene_similar,0.0,0.0,8.333333333333334,ya_tiene_similar,0.0
CLI040568,OF002,,,0.0,17.666666666666668,,
CLI040602,OF003,precio,31.0,1.0,9.0,,
CLI040626,OF002,no_confia,0.0,0.0,19.0,,
CLI040639,OF002,precio,31.0,0.0,7.0,,
CLI040646,OF002,precio,31.0,0.0,13.833333333333334,,
CLI040647,OF002,,,0.0,19.166666666666668,,
CLI040669,OF003,,,0.0,19.33333333333333,,
CLI040692,OF003,otro,0.0,0.0,6.833333333333333,,
CLI040696,OF003,,,0.0,15.833333333333334,,
CLI040727,OF002,no_necesita,31.0,0.0,3.1666666666666665,,
CLI040737,OF004,precio,0.0,3.0,3.333333333333333,precio,0.0
CLI040764,OF003,no_necesita,31.0,0.0,17.0,precio,120.0
CLI040787,OF004,no_necesita,61.0,0.0,7.666666666666667,,
CLI040798,OF004,no_necesita,61.0,0.0,14.833333333333334,no_necesita,61.0
CLI040806,OF003,,,0.0,17.833333333333332,,
CLI040808,OF003,,,1.0,15.333333333333334,,
CLI040892,OF002,no_necesita,120.0,0.0,18.0,no_necesita,120.0
CLI040911,OF003,,,2.0,25.166666666666668,,
CLI040921,OF003,ya_tiene_similar,31.0,0.0,29.83333333333333,ya_tiene_similar,31.0
CLI040927,OF004,,,3.0,3.8333333333333335,,
CLI040966,OF003,,,0.0,20.83333333333333,,
CLI040987,OF004,,,1.0,18.83333333333333,,
CLI040993,OF004,ya_tiene_similar,31.0,0.0,10.0,ya_tiene_similar,31.0
CLI041017,OF004,no_confia,92.0,3.0,3.333333333333333,,
CLI041056,OF002,,,0.0,30.5,,
CLI041077,OF002,no_confia,31.0,0.0,0.0,,
CLI041128,OF003,precio,31.0,0.0,11.666666666666666,precio,31.0
CLI041140,OF002,otro,61.0,3.0,15.166666666666666,,
CLI041178,OF003,,,1.0,26.666666666666668,,
CLI041245,OF003,,,1.0,24.83333333333333,,
CLI041247,OF004,precio,0.0,2.0,15.833333333333334,,
CLI041295,OF002,,,0.0,15.5,,
CLI041327,OF003,otro,0.0,0.0,4.666666666666667,,
CLI041363,OF004,,,0.0,20.666666666666668,,
CLI041453,OF003,no_necesita,0.0,0.0,9.833333333333334,no_necesita,0.0
CLI041475,OF002,ya_tiene_similar,61.0,0.0,0.0,ya_tiene_similar,61.0
CLI041512,OF002,otro,61.0,0.0,9.166666666666666,,
CLI041518,OF003,,,3.0,5.5,,
CLI041651,OF004,ya_tiene_similar,61.0,3.0,8.333333333333334,,
CLI041680,OF002,precio,31.0,0.0,1.3333333333333333,,
CLI041726,OF004,,,3.0,13.5,,
CLI041758,OF003,,,3.0,8.833333333333334,,
CLI041763,OF002,,,0.0,15.833333333333334,,
CLI041769,OF003,,,0.0,19.0,,
CLI041780,OF003,,,3.0,18.5,,
CLI041784,OF003,no_confia,61.0,0.0,7.333333333333333,no_confia,61.0
CLI041801,OF002,precio,120.0,0.0,16.5,,
CLI041812,OF004,,,3.0,24.666666666666668,,
CLI041851,OF003,no_necesita,61.0,2.0,0.0,no_necesita,61.0
CLI041852,OF003,otro,31.0,0.0,1.1666666666666667,otro,31.0
CLI041929,OF003,,,0.0,20.83333333333333,,
CLI042043,OF003,ya_tiene_similar,0.0,0.0,0.0,ya_tiene_similar,0.0
CLI042046,OF004,,,1.0,16.5,,
CLI042061,OF004,,,2.0,22.166666666666668,,
CLI042067,OF002,,,0.0,21.5,,
CLI042105,OF003,mal_momento,31.0,0.0,14.5,,
CLI042106,OF004,precio,61.0,0.0,0.0,,
CLI042107,OF003,mal_momento,31.0,0.0,4.0,,
CLI042123,OF003,,,3.0,5.0,,
CLI042133,OF003,,,3.0,8.5,,
CLI042157,OF003,,,0.0,17.666666666666668,,
CLI042196,OF002,ya_tiene_similar,92.0,2.0,17.333333333333332,ya_tiene_similar,120.0
CLI042207,OF002,,,3.0,4.833333333333333,,
CLI042228,OF003,,,2.0,26.666666666666668,,
CLI042229,OF002,,,2.0,16.166666666666668,,
CLI042278,OF004,precio,120.0,2.0,22.666666666666668,,
CLI042320,OF004,,,2.0,17.666666666666668,,
CLI042350,OF003,,,3.0,27.0,,
CLI042362,OF003,no_necesita,61.0,0.0,9.5,,
CLI042420,OF003,ya_tiene_similar,31.0,3.0,27.83333333333333,,
CLI042436,OF002,,,0.0,19.0,,
CLI042444,OF003,,,3.0,18.166666666666668,,
CLI042458,OF004,,,3.0,39.16666666666666,,
CLI042522,OF004,no_necesita,0.0,0.0,2.5,,
CLI042643,OF003,no_necesita,120.0,3.0,5.666666666666667,no_necesita,120.0
CLI042720,OF004,ya_tiene_similar,61.0,3.0,37.333333333333336,,
CLI042773,OF002,ya_tiene_similar,120.0,1.0,21.33333333333333,,
CLI042801,OF002,ya_tiene_similar,31.0,0.0,9.0,,
CLI042823,OF003,,,0.0,16.333333333333332,,
CLI042866,OF002,no_confia,151.0,1.0,25.5,,
CLI042895,OF003,,,1.0,32.666666666666664,,
CLI042909,OF003,precio,61.0,0.0,4.5,,
CLI042922,OF004,,,3.0,30.666666666666668,,
CLI042929,OF003,,,3.0,0.0,,
CLI042952,OF003,ya_tiene_similar,0.0,0.0,6.333333333333333,,
CLI042982,OF003,otro,31.0,0.0,2.833333333333333,,
CLI042990,OF002,precio,0.0,0.0,15.333333333333334,,
CLI043035,OF002,ya_tiene_similar,0.0,0.0,0.0,ya_tiene_similar,0.0
CLI043039,OF004,,,0.0,17.166666666666668,,
CLI043045,OF002,mal_momento,0.0,0.0,1.3333333333333333,,
CLI043073,OF004,ya_tiene_similar,0.0,2.0,18.666666666666668,,
CLI043105,OF003,,,3.0,9.166666666666666,,
CLI043117,OF004,no_necesita,31.0,0.0,0.0,,
CLI043119,OF002,mal_momento,31.0,3.0,2.5,mal_momento,31.0
CLI043179,OF003,precio,61.0,0.0,4.166666666666667,precio,61.0
CLI043195,OF002,no_necesita,92.0,0.0,26.5,,
CLI043218,OF003,ya_tiene_similar,151.0,0.0,17.666666666666668,ya_tiene_similar,151.0
CLI043246,OF002,,,0.0,17.666666666666668,,
CLI043248,OF004,,,3.0,8.0,,
CLI043260,OF004,,,2.0,27.0,,
CLI043312,OF003,ya_tiene_similar,31.0,0.0,10.5,ya_tiene_similar,31.0
CLI043323,OF002,precio,120.0,0.0,30.33333333333333,,
CLI043326,OF004,otro,61.0,0.0,2.0,,
CLI043335,OF003,mal_momento,0.0,0.0,16.333333333333332,,
CLI043354,OF002,no_necesita,0.0,0.0,9.0,,
CLI043357,OF004,otro,31.0,3.0,0.0,,
CLI043440,OF004,,,3.0,3.8333333333333335,,
CLI043548,OF002,precio,0.0,0.0,0.0,precio,0.0
CLI043598,OF002,,,0.0,22.666666666666668,,
CLI043646,OF004,,,1.0,16.166666666666668,,
CLI043647,OF003,,,0.0,28.5,,
CLI043651,OF003,,,0.0,18.83333333333333,,
CLI043654,OF004,otro,61.0,0.0,4.5,,
CLI043728,OF003,otro,120.0,2.0,31.166666666666668,otro,120.0
CLI043747,OF002,,,0.0,22.166666666666668,,
CLI043780,OF002,mal_momento,92.0,3.0,19.0,,
CLI043803,OF002,,,3.0,0.0,,
CLI043806,OF003,precio,61.0,1.0,3.8333333333333335,precio,61.0
CLI043876,OF002,,,3.0,7.5,,
CLI043931,OF003,otro,120.0,1.0,32.5,,
CLI043939,OF004,,,3.0,13.0,,
CLI043942,OF003,,,3.0,9.5,,
CLI043974,OF003,precio,151.0,0.0,29.5,,
CLI044009,OF003,no_necesita,31.0,0.0,0.0,no_necesita,31.0
CLI044024,OF002,precio,61.0,0.0,0.0,,
CLI044030,OF002,no_confia,31.0,0.0,7.5,,
CLI044050,OF004,no_confia,61.0,3.0,0.0,,
CLI044058,OF003,precio,61.0,2.0,9.833333333333334,,
CLI044089,OF002,,,3.0,0.0,,
CLI044094,OF004,,,3.0,0.0,,
CLI044125,OF004,,,3.0,0.0,,
CLI044161,OF003,,,0.0,20.166666666666668,,
CLI044167,OF003,ya_tiene_similar,61.0,0.0,2.6666666666666665,,
CLI044186,OF002,precio,0.0,1.0,8.333333333333334,,
CLI044216,OF004,,,2.0,19.5,,
CLI044239,OF003,precio,31.0,0.0,5.333333333333333,,
CLI044267,OF002,,,0.0,32.0,,
CLI044288,OF002,,,0.0,17.5,,
CLI044329,OF003,,,0.0,18.5,,
CLI044367,OF002,mal_momento,61.0,0.0,20.166666666666668,,
CLI044368,OF004,,,3.0,17.833333333333332,,
CLI044390,OF004,no_confia,151.0,0.0,16.166666666666668,,
CLI044411,OF003,,,3.0,26.666666666666668,,
CLI044421,OF003,no_necesita,0.0,0.0,3.5,,
CLI044423,OF004,ya_tiene_similar,31.0,3.0,0.0,,
CLI044433,OF004,,,0.0,18.0,,
CLI044457,OF002,no_necesita,61.0,0.0,4.333333333333333,,
CLI044473,OF003,,,1.0,33.666666666666664,,
CLI044474,OF004,,,3.0,4.5,,
CLI044475,OF004,,,3.0,19.5,,
CLI044557,OF004,precio,92.0,0.0,27.0,,
CLI044598,OF002,,,0.0,16.333333333333332,,
CLI044604,OF003,no_necesita,151.0,2.0,26.33333333333333,no_necesita,151.0
CLI044736,OF004,no_necesita,92.0,0.0,26.666666666666668,,
CLI044789,OF004,,,1.0,28.5,,
CLI044790,OF002,precio,31.0,0.0,1.1666666666666667,,
CLI044820,OF003,mal_momento,31.0,0.0,3.6666666666666665,mal_momento,31.0
CLI044881,OF002,,,0.0,17.0,,
CLI044882,OF003,,,0.0,27.0,,
CLI044904,OF004,no_necesita,0.0,0.0,3.8333333333333335,,
CLI044922,OF002,precio,31.0,0.0,1.1666666666666667,,
CLI044939,OF004,precio,151.0,0.0,16.333333333333332,,
CLI044989,OF003,,,0.0,21.33333333333333,,
CLI045003,OF002,no_confia,120.0,0.0,19.166666666666668,,
CLI045033,OF002,precio,31.0,0.0,15.166666666666666,,
CLI045039,OF003,mal_momento,31.0,0.0,0.0,,
CLI045051,OF003,no_confia,61.0,0.0,8.666666666666666,,
CLI045056,OF002,otro,0.0,0.0,0.0,,
CLI045079,OF002,,,3.0,0.0,,
CLI045135,OF004,,,0.0,17.666666666666668,,
CLI045204,OF002,,,3.0,8.833333333333334,,
CLI045215,OF003,ya_tiene_similar,61.0,0.0,24.83333333333333,ya_tiene_similar,120.0
CLI045262,OF002,precio,61.0,0.0,9.333333333333334,,
CLI045263,OF003,precio,0.0,0.0,11.5,precio,0.0
CLI045268,OF003,ya_tiene_similar,151.0,3.0,8.166666666666666,,
CLI045269,OF002,precio,61.0,3.0,19.666666666666668,,
CLI045277,OF003,,,3.0,19.166666666666668,,
CLI045303,OF004,,,0.0,17.166666666666668,,
CLI045353,OF002,precio,61.0,0.0,0.0,,
CLI045370,OF003,ya_tiene_similar,0.0,0.0,9.333333333333334,,
CLI045379,OF004,,,0.0,24.166666666666668,,
CLI045389,OF003,,,0.0,15.666666666666666,,
CLI045394,OF003,precio,31.0,0.0,4.333333333333333,,
CLI045398,OF003,precio,61.0,0.0,6.5,,
CLI045405,OF003,no_necesita,0.0,0.0,7.666666666666667,,
CLI045436,OF002,otro,31.0,0.0,8.166666666666666,,
CLI045437,OF004,precio,0.0,0.0,0.0,,
CLI045443,OF004,,,3.0,2.1666666666666665,,
CLI045545,OF003,precio,0.0,2.0,0.0,precio,0.0
CLI045551,OF004,precio,31.0,1.0,1.5,,
CLI045641,OF002,,,0.0,15.666666666666666,,
CLI045659,OF003,ya_tiene_similar,61.0,2.0,13.5,ya_tiene_similar,61.0
CLI045664,OF003,otro,31.0,2.0,10.833333333333334,,
CLI045666,OF003,,,0.0,20.0,,
CLI045674,OF003,mal_momento,31.0,0.0,0.0,mal_momento,31.0
CLI045749,OF003,,,1.0,25.5,,
CLI045756,OF002,no_necesita,61.0,0.0,0.0,,
CLI045766,OF003,precio,0.0,3.0,7.166666666666667,,
CLI045796,OF003,,,0.0,17.166666666666668,,
CLI045819,OF003,,,3.0,11.666666666666666,,
CLI045853,OF002,mal_momento,61.0,0.0,13.333333333333334,,
CLI045909,OF002,,,0.0,27.0,,
CLI045974,OF004,,,2.0,16.333333333333332,,
CLI045996,OF004,,,3.0,8.333333333333334,,
CLI046003,OF002,,,0.0,16.5,,
CLI046004,OF004,,,2.0,29.33333333333333,,
CLI046009,OF003,precio,31.0,0.0,0.0,,
CLI046153,OF003,precio,0.0,0.0,7.5,,
CLI046161,OF004,precio,0.0,0.0,1.1666666666666667,,
CLI046197,OF003,,,1.0,46.333333333333336,,
CLI046216,OF002,precio,61.0,0.0,23.33333333333333,,
CLI046220,OF003,,,0.0,28.33333333333333,,
CLI046224,OF002,,,0.0,25.166666666666668,,
CLI046274,OF004,,,2.0,16.333333333333332,,
CLI046319,OF002,,,3.0,34.833333333333336,,
CLI046329,OF004,ya_tiene_similar,31.0,3.0,18.5,ya_tiene_similar,31.0
CLI046364,OF003,no_confia,61.0,0.0,10.833333333333334,,
CLI046368,OF003,precio,31.0,0.0,0.0,,
CLI046390,OF004,precio,120.0,3.0,5.333333333333333,,
CLI046435,OF003,mal_momento,61.0,0.0,8.0,mal_momento,92.0
CLI046442,OF003,,,1.0,19.0,,
CLI046467,OF003,,,3.0,12.0,,
CLI046506,OF002,,,1.0,29.33333333333333,,
CLI046527,OF003,mal_momento,0.0,0.0,0.0,,
CLI046533,OF003,precio,0.0,0.0,0.0,,
CLI046570,OF002,precio,0.0,0.0,8.5,precio,0.0
CLI046592,OF004,,,1.0,22.83333333333333,,
CLI046603,OF002,ya_tiene_similar,61.0,0.0,12.333333333333334,,
CLI046637,OF003,precio,61.0,3.0,5.5,,
CLI046638,OF004,precio,61.0,0.0,38.5,,
CLI046646,OF004,,,3.0,4.833333333333333,,
CLI046670,OF004,,,0.0,15.166666666666666,,
CLI046690,OF002,,,3.0,10.666666666666666,,
CLI046707,OF004,,,0.0,18.666666666666668,,
CLI046712,OF004,,,0.0,35.833333333333336,,
CLI046748,OF003,no_confia,151.0,3.0,0.0,,
CLI046763,OF002,,,0.0,24.33333333333333,,
CLI046797,OF002,precio,61.0,0.0,0.0,precio,61.0
CLI046806,OF003,no_necesita,61.0,3.0,20.0,,
CLI046829,OF002,mal_momento,31.0,3.0,0.0,,
CLI046901,OF004,mal_momento,0.0,0.0,8.166666666666666,,
CLI046928,OF003,precio,0.0,0.0,6.666666666666667,,
CLI046929,OF003,,,3.0,0.0,,
CLI046947,OF002,,,0.0,16.5,,
CLI046962,OF004,otro,0.0,1.0,19.0,otro,0.0
CLI047046,OF002,,,0.0,19.666666666666668,,
CLI047048,OF002,,,0.0,23.0,,
CLI047074,OF004,no_necesita,151.0,0.0,24.33333333333333,,
CLI047108,OF004,ya_tiene_similar,61.0,0.0,9.666666666666666,,
CLI047141,OF004,,,3.0,8.0,,
CLI047143,OF002,precio,0.0,2.0,14.166666666666666,,
CLI047159,OF002,,,3.0,6.833333333333333,,
CLI047227,OF002,no_necesita,31.0,0.0,9.833333333333334,,
CLI047238,OF004,,,3.0,24.5,,
CLI047245,OF004,,,1.0,16.166666666666668,,
CLI047285,OF002,,,3.0,0.0,,
CLI047307,OF002,precio,31.0,0.0,0.0,precio,31.0
CLI047348,OF004,no_confia,0.0,0.0,0.0,,
CLI047358,OF003,,,3.0,12.333333333333334,,
CLI047391,OF004,,,0.0,21.33333333333333,,
CLI047407,OF004,,,3.0,9.5,,
CLI047416,OF004,,,0.0,15.5,,
CLI047428,OF002,precio,31.0,0.0,10.333333333333334,precio,31.0
CLI047432,OF002,,,0.0,22.5,,
CLI047496,OF004,,,3.0,23.83333333333333,,
CLI047512,OF002,precio,0.0,0.0,0.0,,
CLI047536,OF004,mal_momento,31.0,1.0,16.833333333333332,,
CLI047680,OF004,,,0.0,18.5,,
CLI047696,OF002,,,0.0,19.33333333333333,,
CLI047725,OF002,,,0.0,16.166666666666668,,
CLI047736,OF004,,,1.0,27.666666666666668,,
CLI047764,OF003,no_confia,0.0,0.0,11.0,,
CLI047776,OF002,no_necesita,61.0,0.0,15.0,,
CLI047793,OF002,ya_tiene_similar,0.0,0.0,0.0,,
CLI047963,OF004,,,3.0,0.0,,
CLI047972,OF004,mal_momento,151.0,3.0,6.666666666666667,,
CLI047983,OF002,,,0.0,20.166666666666668,,
CLI048005,OF004,,,0.0,17.0,,
CLI048059,OF003,precio,61.0,0.0,13.5,precio,61.0
CLI048073,OF002,no_confia,0.0,0.0,7.5,,
CLI048121,OF004,ya_tiene_similar,0.0,0.0,12.666666666666666,,
CLI048138,OF004,,,0.0,22.33333333333333,,
CLI048148,OF004,no_confia,0.0,2.0,0.0,,
CLI048182,OF004,,,3.0,4.666666666666667,,
CLI048228,OF002,mal_momento,151.0,0.0,16.666666666666668,,
CLI048265,OF003,,,3.0,29.166666666666668,,
CLI048272,OF004,mal_momento,31.0,0.0,0.0,,
CLI048275,OF003,,,3.0,28.5,,
CLI048294,OF004,,,3.0,11.0,,
CLI048313,OF004,no_necesita,61.0,0.0,14.166666666666666,,
CLI048350,OF003,no_necesita,31.0,0.0,16.166666666666668,,
CLI048368,OF004,no_confia,61.0,1.0,0.0,,
CLI048370,OF002,,,0.0,25.83333333333333,,
CLI048377,OF004,,,0.0,26.0,,
CLI048380,OF002,,,0.0,21.166666666666668,,
CLI048457,OF002,no_necesita,61.0,0.0,0.0,,
CLI048475,OF002,mal_momento,31.0,0.0,6.5,mal_momento,31.0
CLI048548,OF004,precio,31.0,0.0,0.0,precio,31.0
CLI048655,OF002,,,0.0,16.833333333333332,,
CLI048767,OF002,precio,151.0,0.0,15.5,precio,151.0
CLI048786,OF003,,,0.0,24.666666666666668,,
CLI048795,OF002,,,3.0,0.0,,
CLI048796,OF004,,,0.0,16.333333333333332,,
CLI048801,OF003,mal_momento,61.0,2.0,5.166666666666667,,
CLI048806,OF003,,,0.0,26.83333333333333,,
CLI048808,OF002,ya_tiene_similar,31.0,0.0,15.333333333333334,ya_tiene_similar,61.0
CLI048837,OF002,,,2.0,17.833333333333332,,
CLI048880,OF002,no_necesita,0.0,2.0,33.666666666666664,ya_tiene_similar,0.0
CLI048898,OF004,precio,31.0,0.0,12.166666666666666,,
CLI048909,OF004,precio,61.0,3.0,9.5,,
CLI048924,OF003,precio,31.0,0.0,19.33333333333333,,
CLI048931,OF002,,,3.0,3.1666666666666665,,
CLI049139,OF003,,,1.0,16.166666666666668,,
CLI049168,OF002,,,0.0,25.166666666666668,,
CLI049175,OF003,no_necesita,0.0,0.0,0.0,,
CLI049181,OF003,precio,61.0,1.0,5.333333333333333,,
CLI049182,OF003,precio,61.0,0.0,0.0,precio,61.0
CLI049188,OF003,mal_momento,61.0,0.0,0.0,,
CLI049247,OF002,ya_tiene_similar,61.0,0.0,9.166666666666666,ya_tiene_similar,61.0
CLI049293,OF003,precio,120.0,1.0,25.33333333333333,,
CLI049348,OF004,,,3.0,17.5,,
CLI049383,OF003,no_necesita,61.0,3.0,14.333333333333334,,
CLI049420,OF002,,,2.0,18.166666666666668,,
CLI049504,OF002,precio,61.0,0.0,12.0,,
CLI049513,OF002,precio,31.0,0.0,10.833333333333334,,
CLI049539,OF003,precio,0.0,0.0,0.0,precio,0.0
CLI049550,OF004,precio,31.0,0.0,0.0,,
CLI049576,OF004,mal_momento,120.0,3.0,29.33333333333333,,
CLI049641,OF003,,,0.0,22.83333333333333,,
CLI049665,OF004,precio,61.0,0.0,10.0,,
CLI049670,OF003,precio,0.0,0.0,19.5,precio,0.0
CLI049693,OF002,,,0.0,30.5,,
CLI049716,OF002,ya_tiene_similar,31.0,0.0,5.833333333333333,ya_tiene_similar,31.0
CLI049793,OF003,no_necesita,31.0,0.0,4.833333333333333,no_necesita,31.0
CLI049806,OF004,,,3.0,22.83333333333333,,
CLI049813,OF002,,,3.0,34.166666666666664,,
CLI049820,OF004,,,2.0,22.0,,
CLI049848,OF003,ya_tiene_similar,0.0,0.0,9.333333333333334,,
CLI049905,OF003,,,0.0,17.333333333333332,,
CLI049934,OF002,no_necesita,0.0,0.0,19.666666666666668,,
CLI049968,OF004,,,0.0,17.166666666666668,,
CLI049985,OF003,mal_momento,0.0,0.0,0.0,,
CLI049990,OF003,,,0.0,23.33333333333333,,
CLI050039,OF002,,,0.0,26.33333333333333,,
CLI050073,OF002,,,0.0,15.833333333333334,,
CLI050084,OF002,,,0.0,21.83333333333333,,
CLI050087,OF004,,,3.0,6.166666666666667,,
CLI050088,OF003,no_confia,0.0,0.0,7.5,no_confia,0.0
CLI050121,OF003,no_necesita,61.0,0.0,5.5,,
CLI050126,OF004,,,3.0,17.333333333333332,,
CLI050152,OF002,,,0.0,22.83333333333333,,
CLI050164,OF003,precio,151.0,1.0,31.5,,
CLI050170,OF002,,,1.0,39.66666666666666,,
CLI050184,OF002,ya_tiene_similar,31.0,0.0,9.0,,
CLI050187,OF002,,,0.0,19.5,,
CLI050207,OF004,mal_momento,31.0,2.0,15.666666666666666,no_necesita,120.0
CLI050233,OF002,,,0.0,16.0,,
CLI050237,OF003,mal_momento,61.0,2.0,16.833333333333332,precio,120.0
CLI050252,OF003,mal_momento,31.0,0.0,27.166666666666668,mal_momento,31.0
CLI050266,OF003,mal_momento,31.0,0.0,0.0,,
CLI050282,OF004,no_confia,151.0,3.0,8.0,,
CLI050306,OF004,otro,61.0,3.0,0.0,,
CLI050313,OF004,,,0.0,27.666666666666668,,
CLI050315,OF002,no_confia,0.0,1.0,4.0,,
CLI050318,OF003,otro,0.0,1.0,23.5,,
CLI050321,OF003,,,3.0,0.0,,
CLI050369,OF002,precio,61.0,0.0,0.0,,
CLI050386,OF003,mal_momento,31.0,0.0,17.666666666666668,,
CLI050411,OF004,,,3.0,16.0,,
CLI050421,OF004,,,2.0,26.83333333333333,,
CLI050467,OF002,otro,92.0,0.0,17.333333333333332,otro,92.0
CLI050475,OF002,no_necesita,31.0,0.0,12.333333333333334,,
CLI050503,OF004,mal_momento,31.0,0.0,0.0,,
CLI050514,OF003,,,3.0,37.833333333333336,,
CLI050527,OF003,,,0.0,15.666666666666666,,
CLI050551,OF003,,,0.0,22.5,,
CLI050588,OF002,precio,61.0,0.0,8.0,precio,61.0
CLI050608,OF002,,,1.0,25.83333333333333,,
CLI050626,OF002,precio,0.0,0.0,9.0,precio,0.0
CLI050661,OF002,precio,31.0,0.0,0.0,,
CLI050667,OF002,,,3.0,0.0,,
CLI050669,OF003,mal_momento,0.0,0.0,14.333333333333334,,
CLI050685,OF004,no_necesita,61.0,0.0,6.666666666666667,,
CLI050692,OF004,otro,61.0,3.0,33.5,,
CLI050701,OF003,ya_tiene_similar,0.0,0.0,15.333333333333334,,
CLI050744,OF002,,,0.0,22.83333333333333,,
CLI050786,OF003,,,0.0,16.166666666666668,,
CLI050858,OF004,no_necesita,31.0,1.0,20.666666666666668,,
CLI050870,OF002,no_necesita,0.0,0.0,0.0,,
CLI050919,OF002,ya_tiene_similar,31.0,0.0,30.83333333333333,,
CLI050937,OF003,,,1.0,23.166666666666668,,
CLI050965,OF004,,,2.0,28.666666666666668,,
CLI051037,OF002,ya_tiene_similar,31.0,0.0,0.0,,
CLI051100,OF002,no_necesita,92.0,0.0,18.83333333333333,,
CLI051196,OF004,precio,31.0,0.0,13.5,,
CLI051208,OF004,,,3.0,11.5,,
CLI051235,OF002,precio,31.0,0.0,7.5,,
CLI051241,OF004,,,0.0,18.33333333333333,,
CLI051252,OF003,ya_tiene_similar,0.0,0.0,20.33333333333333,,
CLI051262,OF004,ya_tiene_similar,61.0,0.0,8.5,ya_tiene_similar,61.0
CLI051267,OF003,mal_momento,31.0,0.0,0.0,,
CLI051278,OF004,,,0.0,18.0,,
CLI051287,OF003,,,3.0,29.5,,
CLI051349,OF003,precio,120.0,0.0,31.5,,
CLI051374,OF002,,,1.0,15.166666666666666,,
CLI051387,OF003,,,1.0,25.83333333333333,,
CLI051388,OF003,otro,31.0,0.0,3.5,precio,151.0
CLI051404,OF002,,,0.0,28.5,,
CLI051421,OF004,precio,0.0,3.0,4.833333333333333,,
CLI051427,OF002,otro,61.0,0.0,1.6666666666666667,,
CLI051463,OF004,no_necesita,61.0,0.0,29.83333333333333,,
CLI051472,OF002,otro,151.0,0.0,16.833333333333332,,
CLI051515,OF004,no_necesita,31.0,0.0,0.0,no_necesita,31.0
CLI051535,OF004,ya_tiene_similar,92.0,3.0,15.833333333333334,ya_tiene_similar,92.0
CLI051555,OF003,precio,0.0,0.0,1.8333333333333333,,
CLI051587,OF002,precio,92.0,0.0,18.166666666666668,,
CLI051661,OF004,precio,31.0,0.0,19.666666666666668,,
CLI051669,OF004,precio,31.0,1.0,18.166666666666668,precio,31.0
CLI051679,OF003,,,3.0,19.5,,
CLI051694,OF002,no_necesita,0.0,0.0,0.8333333333333334,,
CLI051702,OF003,precio,0.0,0.0,9.0,,
CLI051722,OF003,precio,61.0,0.0,0.0,,
CLI051726,OF002,,,0.0,18.5,,
CLI051735,OF003,no_confia,0.0,0.0,0.0,,
CLI051745,OF003,mal_momento,31.0,0.0,0.0,,
CLI051746,OF003,precio,120.0,3.0,32.5,precio,120.0
CLI051762,OF002,,,0.0,16.666666666666668,,
CLI051796,OF003,mal_momento,61.0,0.0,7.166666666666667,,
CLI051799,OF004,mal_momento,61.0,0.0,1.5,,
CLI051830,OF003,,,2.0,15.5,,
CLI051842,OF004,,,0.0,16.166666666666668,,
CLI051860,OF003,,,0.0,17.5,,
CLI051918,OF002,,,0.0,18.33333333333333,,
CLI051919,OF003,precio,31.0,3.0,8.5,,
CLI051921,OF002,no_confia,0.0,0.0,9.166666666666666,,
CLI052001,OF004,ya_tiene_similar,0.0,2.0,13.0,,
CLI052044,OF004,,,0.0,15.833333333333334,,
CLI052068,OF003,,,0.0,15.666666666666666,,
CLI052115,OF003,precio,61.0,1.0,15.666666666666666,precio,61.0
CLI052116,OF003,,,3.0,14.166666666666666,,
CLI052132,OF003,,,0.0,19.0,,
CLI052161,OF003,no_necesita,61.0,0.0,11.666666666666666,no_necesita,61.0
CLI052194,OF002,mal_momento,61.0,0.0,0.0,,
CLI052234,OF004,no_confia,0.0,2.0,6.333333333333333,,
CLI052255,OF003,precio,151.0,2.0,23.0,precio,151.0
CLI052275,OF002,,,0.0,16.666666666666668,,
CLI052298,OF003,ya_tiene_similar,31.0,3.0,7.333333333333333,,
CLI052305,OF002,otro,31.0,0.0,0.0,,
CLI052312,OF004,,,3.0,15.833333333333334,,
CLI052325,OF002,precio,61.0,0.0,0.0,,
CLI052330,OF004,,,3.0,17.5,,
CLI052349,OF002,,,0.0,15.166666666666666,,
CLI052391,OF003,ya_tiene_similar,31.0,0.0,11.333333333333334,ya_tiene_similar,31.0
CLI052425,OF003,,,3.0,0.0,,
CLI052451,OF003,precio,61.0,0.0,18.5,,
CLI052455,OF002,ya_tiene_similar,61.0,0.0,0.0,,
CLI052493,OF003,no_confia,151.0,2.0,15.833333333333334,no_confia,151.0
CLI052539,OF002,no_confia,0.0,0.0,8.833333333333334,,
CLI052541,OF004,precio,31.0,0.0,7.666666666666667,,
CLI052553,OF002,no_necesita,0.0,0.0,9.166666666666666,,
CLI052554,OF002,no_necesita,61.0,0.0,0.0,no_necesita,61.0
CLI052583,OF004,no_necesita,31.0,1.0,15.666666666666666,no_necesita,31.0
CLI052606,OF003,no_confia,0.0,2.0,9.5,no_confia,0.0
CLI052608,OF003,mal_momento,92.0,2.0,20.5,mal_momento,92.0
CLI052617,OF004,,,3.0,3.0,,
CLI052631,OF002,no_necesita,61.0,0.0,6.0,,
CLI052671,OF003,precio,31.0,0.0,4.666666666666667,,
CLI052706,OF003,no_necesita,61.0,2.0,27.83333333333333,,
CLI052724,OF003,ya_tiene_similar,61.0,0.0,6.166666666666667,ya_tiene_similar,61.0
CLI052725,OF003,mal_momento,31.0,0.0,9.333333333333334,,
CLI052752,OF004,no_necesita,61.0,3.0,5.666666666666667,no_necesita,61.0
CLI052788,OF002,ya_tiene_similar,31.0,0.0,6.833333333333333,,
CLI052870,OF003,,,3.0,10.333333333333334,,
CLI052901,OF002,precio,0.0,2.0,5.166666666666667,,
CLI052903,OF002,precio,61.0,0.0,17.833333333333332,,
CLI052904,OF004,precio,0.0,0.0,3.5,,
CLI052968,OF004,,,3.0,7.833333333333333,,
CLI053036,OF002,mal_momento,61.0,2.0,12.166666666666666,mal_momento,61.0
CLI053037,OF003,,,3.0,4.5,,
CLI053055,OF002,,,0.0,16.166666666666668,,
CLI053106,OF002,precio,31.0,0.0,30.33333333333333,,
CLI053107,OF002,mal_momento,31.0,0.0,9.666666666666666,,
CLI053117,OF002,precio,61.0,0.0,1.1666666666666667,,
CLI053124,OF002,,,0.0,19.666666666666668,,
CLI053137,OF002,,,0.0,18.33333333333333,,
CLI053198,OF004,ya_tiene_similar,31.0,2.0,2.833333333333333,ya_tiene_similar,31.0
CLI053208,OF002,,,1.0,16.5,,
CLI053212,OF004,precio,0.0,0.0,8.666666666666666,,
CLI053226,OF004,,,2.0,17.333333333333332,,
CLI053254,OF004,no_necesita,61.0,1.0,10.0,,
CLI053283,OF003,ya_tiene_similar,0.0,0.0,0.0,ya_tiene_similar,0.0
CLI053352,OF003,ya_tiene_similar,0.0,2.0,7.666666666666667,,
CLI053354,OF003,,,3.0,16.5,,
CLI053426,OF002,no_necesita,61.0,0.0,0.0,,
CLI053446,OF004,mal_momento,31.0,2.0,0.0,,
CLI053448,OF004,ya_tiene_similar,0.0,0.0,17.666666666666668,,
CLI053463,OF004,precio,0.0,0.0,4.833333333333333,,
CLI053495,OF002,,,0.0,16.666666666666668,,
CLI053519,OF003,,,2.0,17.0,,
CLI053523,OF003,,,3.0,4.5,,
CLI053543,OF002,precio,0.0,0.0,0.0,,
CLI053556,OF004,,,2.0,18.666666666666668,,
CLI053579,OF003,,,2.0,21.666666666666668,,
CLI053582,OF003,,,0.0,21.0,,
CLI053620,OF002,no_confia,31.0,0.0,3.8333333333333335,,
CLI053626,OF002,,,2.0,16.666666666666668,,
CLI053775,OF004,,,2.0,18.33333333333333,,
CLI053814,OF003,,,0.0,15.166666666666666,,
CLI053833,OF002,,,0.0,17.333333333333332,,
CLI053887,OF003,,,3.0,28.0,,
CLI053893,OF003,precio,120.0,0.0,17.833333333333332,,
CLI053911,OF003,,,0.0,20.166666666666668,,
CLI054032,OF003,no_necesita,0.0,0.0,9.333333333333334,,
CLI054035,OF002,ya_tiene_similar,31.0,0.0,0.0,ya_tiene_similar,31.0
CLI054049,OF003,,,0.0,24.666666666666668,,
CLI054068,OF003,precio,0.0,0.0,0.0,precio,0.0
CLI054077,OF002,no_necesita,61.0,0.0,25.166666666666668,,
CLI054097,OF004,,,0.0,16.166666666666668,,
CLI054100,OF002,precio,61.0,0.0,5.833333333333333,precio,61.0
CLI054137,OF002,,,0.0,15.5,,
CLI054164,OF004,mal_momento,31.0,2.0,0.0,,
CLI054186,OF004,no_confia,31.0,1.0,0.0,no_confia,31.0
CLI054191,OF002,,,0.0,25.166666666666668,,
CLI054216,OF004,no_confia,0.0,3.0,17.166666666666668,no_confia,0.0
CLI054242,OF003,ya_tiene_similar,0.0,0.0,0.0,,
CLI054251,OF002,,,0.0,19.166666666666668,,
CLI054277,OF003,no_necesita,31.0,0.0,7.166666666666667,,
CLI054295,OF002,mal_momento,120.0,3.0,23.166666666666668,,
CLI054362,OF003,,,2.0,15.666666666666666,,
CLI054389,OF004,precio,0.0,2.0,3.6666666666666665,precio,0.0
CLI054390,OF002,,,0.0,15.5,,
CLI054466,OF003,,,3.0,2.5,,
CLI054485,OF003,,,3.0,22.5,,
CLI054491,OF003,ya_tiene_similar,0.0,0.0,3.6666666666666665,,
CLI054498,OF003,,,0.0,19.33333333333333,,
CLI054519,OF003,,,0.0,17.5,,
CLI054534,OF002,,,0.0,19.83333333333333,,
CLI054581,OF003,,,3.0,4.166666666666667,,
CLI054585,OF004,no_confia,0.0,2.0,19.666666666666668,,
CLI054599,OF003,,,3.0,13.833333333333334,,
CLI054602,OF004,mal_momento,0.0,0.0,0.0,,
CLI054610,OF003,,,0.0,19.0,,
CLI054620,OF003,,,1.0,34.833333333333336,,
CLI054645,OF003,,,3.0,37.833333333333336,,
CLI054687,OF002,no_necesita,31.0,0.0,0.0,,
CLI054696,OF002,mal_momento,0.0,0.0,0.0,,
CLI054700,OF003,,,3.0,16.5,,
CLI054715,OF002,no_confia,31.0,0.0,4.333333333333333,,
CLI054737,OF004,,,3.0,0.0,,
CLI054739,OF002,otro,31.0,0.0,0.0,mal_momento,120.0
CLI054786,OF002,mal_momento,61.0,0.0,20.166666666666668,,
CLI054816,OF003,precio,61.0,1.0,23.5,,
CLI054827,OF003,,,2.0,18.666666666666668,,
CLI054830,OF002,mal_momento,31.0,0.0,15.333333333333334,,
CLI054861,OF004,,,3.0,18.5,,
CLI054948,OF003,,,2.0,22.166666666666668,,
CLI054991,OF002,no_confia,31.0,3.0,4.5,,
CLI055004,OF004,ya_tiene_similar,31.0,3.0,14.666666666666666,ya_tiene_similar,31.0
CLI055007,OF003,,,2.0,18.5,,
CLI055056,OF004,,,3.0,11.833333333333334,,
CLI055091,OF004,mal_momento,151.0,0.0,24.33333333333333,mal_momento,151.0
CLI055106,OF004,precio,0.0,0.0,0.0,precio,0.0
CLI055108,OF003,no_necesita,31.0,0.0,0.0,,
CLI055160,OF002,no_necesita,0.0,0.0,10.0,,
CLI055167,OF003,precio,61.0,0.0,24.666666666666668,,
CLI055218,OF003,,,0.0,20.166666666666668,,
CLI055238,OF003,precio,61.0,0.0,15.333333333333334,precio,61.0
CLI055262,OF004,mal_momento,61.0,1.0,5.166666666666667,mal_momento,61.0
CLI055298,OF003,no_confia,0.0,0.0,7.5,,
CLI055354,OF003,mal_momento,0.0,0.0,0.0,,
CLI055402,OF002,otro,0.0,0.0,0.0,otro,0.0
CLI055435,OF003,,,0.0,15.5,,
CLI055512,OF002,no_necesita,0.0,3.0,25.0,,
CLI055553,OF003,no_necesita,92.0,0.0,15.666666666666666,,
CLI055579,OF003,ya_tiene_similar,31.0,0.0,0.0,mal_momento,61.0
CLI055602,OF003,no_confia,0.0,0.0,3.1666666666666665,,
CLI055673,OF003,ya_tiene_similar,61.0,0.0,17.333333333333332,,
CLI055679,OF004,,,0.0,17.0,,
CLI055685,OF004,ya_tiene_similar,31.0,3.0,1.5,,
CLI055691,OF004,,,3.0,4.166666666666667,,
CLI055725,OF003,ya_tiene_similar,61.0,0.0,4.166666666666667,,
CLI055760,OF003,ya_tiene_similar,61.0,1.0,6.0,ya_tiene_similar,61.0
CLI055809,OF002,,,0.0,16.0,,
CLI055822,OF004,precio,61.0,0.0,7.0,,
CLI055848,OF003,precio,120.0,0.0,15.0,,
CLI055932,OF004,no_confia,0.0,2.0,32.166666666666664,no_confia,0.0
CLI055976,OF003,ya_tiene_similar,31.0,0.0,0.0,,
CLI055989,OF002,,,3.0,6.333333333333333,,
CLI056010,OF002,,,0.0,16.0,,
CLI056065,OF002,ya_tiene_similar,61.0,0.0,0.0,,
CLI056094,OF002,,,3.0,12.0,,
CLI056097,OF004,,,1.0,26.5,,
CLI056208,OF003,no_necesita,31.0,0.0,7.333333333333333,,
CLI056225,OF003,,,0.0,20.33333333333333,,
CLI056226,OF003,no_confia,120.0,0.0,17.833333333333332,,
CLI056290,OF003,no_confia,0.0,0.0,17.0,no_confia,0.0
CLI056338,OF003,ya_tiene_similar,151.0,2.0,15.333333333333334,,
CLI056365,OF003,,,0.0,15.333333333333334,,
CLI056370,OF002,mal_momento,61.0,2.0,0.0,,
CLI056445,OF002,,,3.0,7.166666666666667,,
CLI056446,OF003,mal_momento,31.0,0.0,14.166666666666666,,
CLI056511,OF004,precio,61.0,0.0,14.166666666666666,,
CLI056550,OF003,,,0.0,18.5,,
CLI056563,OF002,precio,61.0,0.0,0.0,,
CLI056582,OF003,,,0.0,15.0,,
CLI056593,OF003,mal_momento,61.0,0.0,0.0,,
CLI056597,OF002,,,3.0,30.666666666666668,,
CLI056598,OF002,,,0.0,15.333333333333334,,
CLI056604,OF003,,,1.0,18.666666666666668,,
CLI056621,OF003,no_necesita,61.0,0.0,17.5,,
CLI056654,OF003,no_necesita,31.0,0.0,0.8333333333333334,,
CLI056663,OF002,,,0.0,16.666666666666668,,
CLI056696,OF004,precio,61.0,0.0,9.166666666666666,precio,61.0
CLI056759,OF004,otro,92.0,0.0,22.0,otro,92.0
CLI056800,OF003,otro,151.0,3.0,12.166666666666666,,
CLI056832,OF002,precio,151.0,3.0,23.0,,
CLI056839,OF004,,,0.0,16.833333333333332,,
CLI056910,OF002,,,0.0,15.666666666666666,,
CLI056957,OF002,,,0.0,34.166666666666664,,
CLI056976,OF004,,,0.0,15.833333333333334,,
CLI056980,OF002,no_necesita,61.0,3.0,4.333333333333333,,
CLI057021,OF002,,,3.0,19.666666666666668,,
CLI057025,OF004,precio,0.0,0.0,22.33333333333333,precio,0.0
CLI057033,OF002,no_necesita,31.0,0.0,5.666666666666667,,
CLI057039,OF002,no_necesita,120.0,0.0,17.333333333333332,no_necesita,120.0
CLI057053,OF003,precio,31.0,0.0,17.333333333333332,,
CLI057106,OF004,no_confia,61.0,2.0,9.5,no_confia,61.0
CLI057133,OF002,,,3.0,15.333333333333334,,
CLI057170,OF004,,,3.0,0.0,,
CLI057198,OF004,,,1.0,16.0,,
CLI057208,OF003,ya_tiene_similar,61.0,0.0,21.83333333333333,ya_tiene_similar,61.0
CLI057284,OF003,precio,92.0,0.0,26.33333333333333,,
CLI057294,OF002,mal_momento,61.0,0.0,0.0,,
CLI057328,OF002,,,3.0,17.666666666666668,,
CLI057373,OF002,precio,61.0,0.0,10.333333333333334,precio,61.0
CLI057403,OF004,precio,61.0,2.0,8.333333333333334,,
CLI057443,OF004,,,2.0,30.166666666666668,,
CLI057504,OF003,,,3.0,14.0,,
CLI057510,OF004,precio,61.0,0.0,8.0,,
CLI057512,OF002,precio,0.0,0.0,11.666666666666666,,
CLI057538,OF004,no_necesita,92.0,3.0,16.5,,
CLI057572,OF003,,,3.0,13.833333333333334,,
CLI057673,OF004,mal_momento,0.0,1.0,19.33333333333333,mal_momento,0.0
CLI057696,OF003,otro,92.0,2.0,19.666666666666668,otro,92.0
CLI057701,OF004,no_confia,61.0,1.0,0.0,,
CLI057712,OF002,mal_momento,31.0,0.0,2.0,,
CLI057735,OF002,no_confia,0.0,0.0,0.8333333333333334,,
CLI057769,OF004,,,0.0,18.83333333333333,,
CLI057773,OF003,,,0.0,18.0,,
CLI057780,OF004,,,0.0,15.166666666666666,,
CLI057786,OF004,,,1.0,23.0,,
CLI057809,OF002,,,0.0,26.666666666666668,,
CLI057810,OF002,,,0.0,15.0,,
CLI057813,OF003,no_confia,61.0,0.0,8.666666666666666,,
CLI057871,OF003,,,1.0,24.666666666666668,,
CLI057890,OF004,no_confia,120.0,3.0,15.166666666666666,,
CLI058020,OF003,mal_momento,31.0,0.0,0.0,mal_momento,31.0
CLI058026,OF004,precio,61.0,0.0,25.166666666666668,,
CLI058076,OF003,precio,61.0,0.0,24.166666666666668,,
CLI058082,OF003,precio,31.0,0.0,19.666666666666668,,
CLI058192,OF002,,,0.0,17.0,,
CLI058203,OF003,no_necesita,0.0,0.0,0.0,,
CLI058253,OF003,ya_tiene_similar,0.0,1.0,18.0,precio,151.0
CLI058281,OF002,ya_tiene_similar,0.0,0.0,13.5,,
CLI058294,OF003,,,0.0,16.666666666666668,,
CLI058297,OF003,,,0.0,15.666666666666666,,
CLI058300,OF004,precio,92.0,3.0,8.333333333333334,precio,92.0
CLI058311,OF002,mal_momento,0.0,3.0,24.33333333333333,,
CLI058317,OF002,,,0.0,15.0,,
CLI058328,OF003,,,0.0,28.83333333333333,,
CLI058346,OF002,no_confia,0.0,0.0,0.0,mal_momento,92.0
CLI058376,OF003,,,0.0,22.166666666666668,,
CLI058429,OF003,otro,0.0,0.0,18.33333333333333,,
CLI058433,OF004,,,2.0,16.333333333333332,,
CLI058477,OF004,,,3.0,16.333333333333332,,
CLI058509,OF004,,,3.0,6.833333333333333,,
CLI058518,OF004,no_confia,31.0,0.0,0.0,,
CLI058555,OF004,mal_momento,0.0,0.0,11.5,mal_momento,0.0
CLI058576,OF002,no_necesita,61.0,0.0,9.5,no_necesita,61.0
CLI058585,OF004,,,3.0,14.833333333333334,,
CLI058595,OF002,,,3.0,5.666666666666667,,
CLI058610,OF002,mal_momento,0.0,0.0,13.833333333333334,,
CLI058626,OF004,,,3.0,6.5,,
CLI058641,OF003,ya_tiene_similar,120.0,2.0,25.666666666666668,ya_tiene_similar,120.0
CLI058664,OF003,precio,0.0,2.0,9.333333333333334,mal_momento,92.0
CLI058675,OF002,,,0.0,22.0,,
CLI058706,OF004,,,3.0,3.1666666666666665,,
CLI058711,OF002,,,3.0,7.0,,
CLI058724,OF004,precio,31.0,0.0,4.833333333333333,,
CLI058729,OF002,,,0.0,19.166666666666668,,
CLI058744,OF003,no_necesita,0.0,0.0,0.0,,
CLI058764,OF002,,,0.0,22.166666666666668,,
CLI058799,OF002,mal_momento,151.0,3.0,0.0,,
CLI058809,OF002,ya_tiene_similar,61.0,0.0,9.0,,
CLI058833,OF003,,,3.0,10.5,,
CLI058835,OF003,ya_tiene_similar,31.0,3.0,26.5,ya_tiene_similar,31.0
CLI058915,OF003,ya_tiene_similar,0.0,0.0,0.0,,
CLI058934,OF003,precio,0.0,0.0,1.8333333333333333,precio,0.0
CLI058967,OF003,,,0.0,18.5,,
CLI058997,OF002,,,3.0,7.833333333333333,,
CLI059005,OF004,,,2.0,23.83333333333333,,
CLI059019,OF004,,,3.0,2.6666666666666665,,
CLI059022,OF002,no_confia,120.0,1.0,18.166666666666668,,
CLI059116,OF003,no_necesita,0.0,0.0,0.0,,
CLI059160,OF002,precio,0.0,0.0,2.833333333333333,,
CLI059187,OF002,precio,31.0,0.0,3.6666666666666665,precio,61.0
CLI059206,OF002,,,0.0,18.5,,
CLI059242,OF003,,,3.0,8.333333333333334,,
CLI059244,OF002,precio,31.0,0.0,3.6666666666666665,precio,31.0
CLI059245,OF004,precio,0.0,0.0,3.333333333333333,,
CLI059301,OF003,,,3.0,21.0,,
CLI059303,OF002,precio,61.0,0.0,9.333333333333334,,
CLI059307,OF002,,,3.0,1.0,,
CLI059349,OF004,mal_momento,120.0,3.0,10.833333333333334,,
CLI059398,OF002,precio,61.0,0.0,0.0,,
CLI059414,OF002,,,0.0,18.166666666666668,,
CLI059496,OF004,,,2.0,20.666666666666668,,
CLI059505,OF002,,,0.0,21.83333333333333,,
CLI059513,OF003,ya_tiene_similar,31.0,0.0,13.333333333333334,,
CLI059521,OF002,,,0.0,16.5,,
CLI059558,OF004,no_necesita,61.0,3.0,0.0,,
CLI059569,OF002,no_confia,61.0,1.0,27.83333333333333,no_confia,61.0
CLI059660,OF004,no_necesita,31.0,0.0,6.0,,
CLI059690,OF003,otro,31.0,0.0,6.333333333333333,,
CLI059733,OF002,no_necesita,31.0,0.0,0.0,,
CLI059780,OF004,precio,0.0,0.0,4.5,,
CLI059797,OF004,no_confia,31.0,2.0,14.666666666666666,no_confia,31.0
CLI059812,OF003,ya_tiene_similar,31.0,0.0,17.5,,
CLI059870,OF003,,,0.0,25.666666666666668,,
CLI059884,OF004,no_confia,120.0,0.0,18.0,,
CLI059954,OF002,,,0.0,16.333333333333332,,
CLI059960,OF003,,,0.0,16.0,,
CLI059975,OF004,precio,0.0,0.0,13.333333333333334,,
CLI059977,OF002,precio,31.0,0.0,7.333333333333333,,
CLI059997,OF004,no_confia,0.0,0.0,12.0,,
CLI060008,OF004,,,0.0,16.0,,
CLI060023,OF004,no_necesita,120.0,3.0,6.333333333333333,no_necesita,120.0
CLI060026,OF002,precio,120.0,2.0,23.0,,
CLI060071,OF002,,,3.0,6.0,,
CLI060074,OF003,,,3.0,21.33333333333333,,
CLI060142,OF004,ya_tiene_similar,92.0,0.0,27.0,,
CLI060148,OF004,no_confia,0.0,0.0,9.333333333333334,,
CLI060169,OF002,,,0.0,19.0,,
CLI060187,OF002,,,0.0,15.666666666666666,,
CLI060197,OF002,,,0.0,27.5,,
CLI060216,OF003,,,0.0,17.333333333333332,,
CLI060218,OF002,otro,31.0,0.0,0.0,,
CLI060226,OF003,precio,31.0,0.0,21.166666666666668,,
CLI060249,OF002,no_confia,61.0,1.0,25.0,,
CLI060254,OF004,no_confia,61.0,0.0,6.833333333333333,,
CLI060282,OF004,no_necesita,61.0,1.0,5.0,,
CLI060284,OF003,precio,31.0,0.0,4.666666666666667,precio,31.0
CLI060293,OF002,no_necesita,31.0,0.0,0.0,,
CLI060299,OF003,mal_momento,61.0,0.0,11.833333333333334,,
CLI060311,OF004,no_confia,0.0,0.0,0.0,,
CLI060325,OF003,,,0.0,16.666666666666668,,
CLI060371,OF003,precio,31.0,0.0,0.0,precio,31.0
CLI060384,OF002,,,2.0,20.5,,
CLI060390,OF004,,,1.0,23.0,,
CLI060427,OF002,,,3.0,6.5,,
CLI060455,OF002,,,3.0,5.833333333333333,,
CLI060482,OF003,,,0.0,21.166666666666668,,
CLI060560,OF003,precio,61.0,2.0,7.833333333333333,,
CLI060562,OF002,no_necesita,0.0,0.0,10.166666666666666,no_necesita,0.0
CLI060580,OF003,precio,0.0,0.0,18.5,precio,0.0
CLI060621,OF003,mal_momento,0.0,0.0,8.333333333333334,,
CLI060657,OF003,precio,0.0,0.0,12.166666666666666,,
CLI060702,OF003,,,0.0,16.833333333333332,,
CLI060796,OF004,mal_momento,92.0,1.0,25.5,,
CLI060815,OF004,,,3.0,7.0,,
CLI060817,OF004,precio,120.0,0.0,26.0,precio,120.0
CLI060831,OF003,,,0.0,17.333333333333332,,
CLI060833,OF003,precio,61.0,0.0,0.0,,
CLI060851,OF002,precio,92.0,3.0,13.0,,
CLI060894,OF004,precio,61.0,0.0,10.0,,
CLI060899,OF002,,,0.0,18.166666666666668,,
CLI060913,OF004,,,3.0,21.33333333333333,,
CLI060919,OF002,no_confia,31.0,0.0,0.0,,
CLI060938,OF004,,,3.0,0.0,,
CLI060939,OF002,ya_tiene_similar,0.0,0.0,17.833333333333332,ya_tiene_similar,0.0
CLI060963,OF004,mal_momento,61.0,0.0,5.0,no_necesita,151.0
CLI061053,OF003,mal_momento,0.0,0.0,0.0,,
CLI061111,OF003,mal_momento,61.0,0.0,15.333333333333334,mal_momento,61.0
CLI061152,OF004,precio,61.0,1.0,9.833333333333334,,
CLI061170,OF002,ya_tiene_similar,31.0,0.0,0.0,,
CLI061248,OF002,,,3.0,3.6666666666666665,,
CLI061276,OF002,,,0.0,16.833333333333332,,
CLI061359,OF003,,,0.0,22.166666666666668,,
CLI061410,OF002,,,0.0,31.83333333333333,,
CLI061456,OF002,,,0.0,20.33333333333333,,
CLI061488,OF002,no_necesita,92.0,0.0,31.83333333333333,,
CLI061538,OF003,no_necesita,92.0,0.0,24.0,no_necesita,92.0
CLI061569,OF003,,,0.0,21.5,,
CLI061619,OF002,,,0.0,24.666666666666668,,
CLI061627,OF003,precio,0.0,1.0,19.166666666666668,,
CLI061657,OF002,precio,61.0,0.0,4.166666666666667,,
CLI061693,OF003,,,3.0,8.5,,
CLI061789,OF002,precio,0.0,0.0,6.833333333333333,,
CLI061798,OF003,ya_tiene_similar,61.0,0.0,0.0,,
CLI061836,OF003,precio,31.0,0.0,7.166666666666667,,
CLI061856,OF004,,,3.0,8.666666666666666,,
CLI061908,OF002,ya_tiene_similar,61.0,0.0,15.333333333333334,,
CLI061911,OF004,,,3.0,9.5,,
CLI061931,OF003,,,1.0,16.833333333333332,,
CLI061963,OF003,mal_momento,0.0,0.0,0.0,mal_momento,0.0
CLI061965,OF002,no_necesita,61.0,0.0,2.0,,
CLI061976,OF003,no_necesita,61.0,0.0,0.0,precio,120.0
CLI062010,OF002,ya_tiene_similar,31.0,0.0,6.5,,
CLI062021,OF003,otro,120.0,0.0,31.33333333333333,otro,120.0
CLI062043,OF003,,,2.0,16.166666666666668,,
CLI062065,OF003,ya_tiene_similar,61.0,0.0,0.0,,
CLI062142,OF003,mal_momento,120.0,0.0,17.666666666666668,,
CLI062154,OF002,,,1.0,16.5,,
CLI062155,OF003,mal_momento,31.0,0.0,6.833333333333333,,
CLI062180,OF002,,,0.0,16.0,,
CLI062196,OF003,otro,0.0,0.0,7.666666666666667,,
CLI062229,OF003,precio,31.0,0.0,0.0,precio,31.0
CLI062244,OF003,,,0.0,19.5,,
CLI062246,OF004,,,3.0,33.333333333333336,,
CLI062261,OF004,precio,151.0,3.0,11.166666666666666,,
CLI062278,OF003,,,0.0,25.166666666666668,,
CLI062289,OF003,,,3.0,2.6666666666666665,,
CLI062394,OF003,,,3.0,5.666666666666667,,
CLI062454,OF003,,,3.0,14.333333333333334,,
CLI062456,OF002,,,3.0,29.83333333333333,,
CLI062480,OF002,no_necesita,31.0,3.0,0.0,no_necesita,31.0
CLI062539,OF003,,,0.0,25.83333333333333,,
CLI062581,OF003,ya_tiene_similar,0.0,0.0,4.333333333333333,,
CLI062607,OF002,precio,92.0,0.0,26.0,,
CLI062638,OF004,,,3.0,3.1666666666666665,,
CLI062693,OF004,,,3.0,3.5,,
CLI062703,OF004,otro,0.0,3.0,9.166666666666666,otro,0.0
CLI062738,OF002,no_necesita,31.0,0.0,0.0,,
CLI062779,OF002,mal_momento,31.0,0.0,0.0,,
CLI062781,OF003,,,3.0,8.833333333333334,,
CLI062783,OF003,,,0.0,24.5,,
CLI062858,OF002,,,0.0,17.666666666666668,,
CLI062922,OF004,,,0.0,17.666666666666668,,
CLI062935,OF004,ya_tiene_similar,0.0,0.0,8.833333333333334,,
CLI063038,OF003,no_necesita,31.0,0.0,14.0,,
CLI063076,OF002,precio,31.0,0.0,11.166666666666666,,
CLI063085,OF002,precio,61.0,0.0,25.83333333333333,,
CLI063134,OF002,no_confia,120.0,2.0,22.83333333333333,,
CLI063294,OF004,otro,31.0,0.0,0.0,,
CLI063315,OF003,precio,61.0,0.0,8.166666666666666,,
CLI063320,OF004,ya_tiene_similar,31.0,0.0,13.5,ya_tiene_similar,31.0
CLI063337,OF003,,,0.0,18.33333333333333,,
CLI063361,OF003,ya_tiene_similar,31.0,0.0,13.166666666666666,ya_tiene_similar,31.0
CLI063402,OF002,precio,31.0,0.0,0.0,,
CLI063470,OF003,,,0.0,15.333333333333334,,
CLI063495,OF004,,,3.0,26.83333333333333,,
CLI063557,OF002,,,0.0,18.166666666666668,,
CLI063574,OF004,mal_momento,31.0,0.0,11.166666666666666,mal_momento,31.0
CLI063589,OF002,no_necesita,61.0,0.0,9.333333333333334,,
CLI063629,OF003,precio,61.0,1.0,0.0,,
CLI063645,OF004,mal_momento,92.0,3.0,13.833333333333334,,
CLI063761,OF003,no_necesita,0.0,3.0,24.5,,
CLI063774,OF002,,,0.0,16.166666666666668,,
CLI063810,OF003,mal_momento,61.0,0.0,0.0,,
CLI063838,OF004,no_confia,61.0,0.0,7.0,no_confia,61.0
CLI063855,OF002,precio,31.0,0.0,7.666666666666667,,
CLI063863,OF002,mal_momento,0.0,0.0,6.833333333333333,,
CLI063936,OF003,,,2.0,15.833333333333334,,
CLI063951,OF003,no_confia,0.0,0.0,9.833333333333334,,
CLI063959,OF004,,,3.0,3.0,,
CLI063988,OF002,mal_momento,0.0,0.0,5.5,,
CLI063990,OF003,,,2.0,20.0,,
CLI064014,OF003,,,0.0,15.0,,
CLI064112,OF003,,,0.0,16.5,,
CLI064114,OF003,,,0.0,15.166666666666666,,
CLI064123,OF004,,,3.0,0.0,,
CLI064140,OF004,precio,31.0,0.0,5.666666666666667,,
CLI064204,OF004,,,3.0,26.666666666666668,,
CLI064239,OF004,no_necesita,31.0,3.0,13.333333333333334,,
CLI064252,OF002,,,1.0,17.666666666666668,,
CLI064276,OF004,,,3.0,0.0,,
CLI064295,OF004,ya_tiene_similar,31.0,0.0,0.0,,
CLI064315,OF004,precio,0.0,1.0,13.166666666666666,precio,0.0
CLI064357,OF002,precio,0.0,0.0,8.666666666666666,,
CLI064374,OF003,no_necesita,61.0,0.0,1.0,,
CLI064456,OF002,ya_tiene_similar,0.0,0.0,6.5,,
CLI064467,OF002,ya_tiene_similar,0.0,0.0,11.0,,
CLI064477,OF004,,,0.0,26.166666666666668,,
CLI064480,OF003,,,2.0,23.666666666666668,,
CLI064545,OF004,precio,61.0,3.0,16.666666666666668,,
CLI064559,OF004,,,3.0,20.33333333333333,,
CLI064575,OF002,precio,61.0,0.0,8.5,,
CLI064657,OF003,mal_momento,31.0,3.0,36.66666666666666,,
CLI064681,OF004,no_necesita,61.0,1.0,10.166666666666666,,
CLI064690,OF003,,,3.0,34.333333333333336,,
CLI064706,OF003,no_confia,61.0,3.0,19.33333333333333,no_confia,61.0
CLI064709,OF002,no_necesita,31.0,0.0,5.166666666666667,,
CLI064768,OF003,,,0.0,19.5,,
CLI064844,OF004,mal_momento,31.0,2.0,0.0,,
CLI064870,OF002,precio,0.0,0.0,0.8333333333333334,precio,0.0
CLI064871,OF003,mal_momento,31.0,0.0,6.333333333333333,,
CLI064873,OF002,,,3.0,0.0,,
CLI064885,OF004,,,3.0,8.666666666666666,,
CLI064895,OF004,otro,0.0,0.0,6.333333333333333,otro,0.0
CLI064936,OF004,,,0.0,21.666666666666668,,
CLI065024,OF004,no_confia,0.0,0.0,1.6666666666666667,,
CLI065115,OF002,precio,61.0,0.0,13.0,,
CLI065133,OF003,precio,0.0,0.0,0.0,no_necesita,0.0
CLI065143,OF004,ya_tiene_similar,120.0,3.0,0.0,,
CLI065145,OF003,,,0.0,17.833333333333332,,
CLI065165,OF004,,,2.0,25.33333333333333,,
CLI065170,OF004,,,0.0,16.666666666666668,,
CLI065182,OF003,,,1.0,15.333333333333334,,
CLI065216,OF004,,,0.0,15.166666666666666,,
CLI065235,OF003,,,0.0,32.666666666666664,,
CLI065237,OF004,precio,120.0,1.0,16.166666666666668,,
CLI065246,OF003,mal_momento,120.0,3.0,4.666666666666667,,
CLI065270,OF003,,,0.0,27.166666666666668,,
CLI065275,OF004,ya_tiene_similar,31.0,0.0,15.166666666666666,ya_tiene_similar,120.0
CLI065281,OF002,no_necesita,0.0,0.0,10.166666666666666,no_necesita,0.0
CLI065330,OF003,precio,31.0,0.0,16.5,precio,31.0
CLI065338,OF002,ya_tiene_similar,120.0,0.0,16.0,,
CLI065379,OF003,,,0.0,16.0,,
CLI065429,OF002,,,0.0,15.166666666666666,,
CLI065435,OF004,,,3.0,8.5,,
CLI065455,OF002,,,0.0,19.5,,
CLI065482,OF004,no_confia,92.0,0.0,20.33333333333333,no_confia,92.0
CLI065504,OF002,ya_tiene_similar,31.0,0.0,13.833333333333334,,
CLI065529,OF004,precio,61.0,0.0,4.833333333333333,no_necesita,61.0
CLI065557,OF003,,,3.0,5.333333333333333,,
CLI065602,OF003,,,0.0,25.166666666666668,,
CLI065605,OF002,,,0.0,22.83333333333333,,
CLI065625,OF004,precio,61.0,0.0,3.0,precio,61.0
CLI065644,OF003,mal_momento,0.0,0.0,6.166666666666667,,
CLI065725,OF003,precio,31.0,3.0,30.33333333333333,,
CLI065763,OF004,ya_tiene_similar,61.0,0.0,3.0,,
CLI065786,OF003,,,0.0,32.666666666666664,,
CLI065865,OF002,otro,61.0,0.0,6.166666666666667,,
CLI065875,OF004,precio,0.0,3.0,2.833333333333333,mal_momento,120.0
CLI065876,OF003,,,3.0,5.0,,
CLI065890,OF003,,,2.0,15.5,,
CLI065900,OF003,precio,31.0,0.0,6.5,,
CLI065903,OF004,no_necesita,31.0,0.0,0.0,,
CLI065932,OF004,,,3.0,34.666666666666664,,
CLI065995,OF003,mal_momento,31.0,0.0,28.666666666666668,,
CLI066009,OF002,,,0.0,16.333333333333332,,
CLI066016,OF002,no_necesita,151.0,3.0,10.5,,
CLI066018,OF004,,,1.0,15.166666666666666,,
CLI066044,OF003,,,2.0,20.166666666666668,,
CLI066102,OF004,,,3.0,25.33333333333333,,
CLI066105,OF002,,,3.0,12.333333333333334,,
CLI066155,OF002,precio,31.0,2.0,9.166666666666666,,
CLI066210,OF003,,,0.0,18.83333333333333,,
CLI066331,OF002,precio,31.0,0.0,17.166666666666668,,
CLI066336,OF002,otro,0.0,0.0,14.166666666666666,otro,0.0
CLI066354,OF003,precio,61.0,0.0,0.0,,
CLI066373,OF004,ya_tiene_similar,0.0,0.0,9.0,,
CLI066374,OF002,,,3.0,30.5,,
CLI066458,OF004,,,3.0,0.0,,
CLI066492,OF002,no_necesita,0.0,0.0,9.333333333333334,,
CLI066506,OF002,,,1.0,15.5,,
CLI066563,OF002,ya_tiene_similar,151.0,0.0,15.0,ya_tiene_similar,151.0
CLI066665,OF004,,,0.0,18.83333333333333,,
CLI066692,OF003,precio,61.0,0.0,8.833333333333334,,
CLI066695,OF002,precio,0.0,0.0,3.5,precio,0.0
CLI066714,OF003,no_necesita,31.0,0.0,0.0,ya_tiene_similar,31.0
CLI066736,OF002,ya_tiene_similar,31.0,0.0,16.833333333333332,,
CLI066748,OF004,,,3.0,7.833333333333333,,
CLI066756,OF004,ya_tiene_similar,31.0,2.0,10.0,ya_tiene_similar,31.0
CLI066768,OF004,,,0.0,19.83333333333333,,
CLI066791,OF004,ya_tiene_similar,31.0,0.0,16.333333333333332,,
CLI066802,OF004,precio,31.0,0.0,10.833333333333334,,
CLI066807,OF003,,,1.0,20.33333333333333,,
CLI066826,OF003,no_necesita,151.0,0.0,17.166666666666668,no_necesita,151.0
CLI066901,OF003,,,0.0,21.166666666666668,,
CLI066919,OF004,,,3.0,9.333333333333334,,
CLI066953,OF003,,,0.0,16.0,,
CLI066958,OF003,,,3.0,3.5,,
CLI067005,OF003,ya_tiene_similar,61.0,0.0,17.666666666666668,ya_tiene_similar,61.0
CLI067024,OF003,,,2.0,19.5,,
CLI067046,OF003,mal_momento,61.0,0.0,9.5,,
CLI067115,OF004,precio,0.0,1.0,6.833333333333333,,
CLI067136,OF003,,,1.0,23.33333333333333,,
CLI067144,OF004,precio,92.0,0.0,16.5,,
CLI067159,OF002,,,0.0,37.0,,
CLI067164,OF002,,,0.0,20.0,,
CLI067189,OF002,,,2.0,16.333333333333332,,
CLI067219,OF004,,,3.0,16.333333333333332,,
CLI067239,OF003,precio,31.0,0.0,9.333333333333334,precio,31.0
CLI067258,OF004,,,3.0,8.166666666666666,,
CLI067281,OF004,precio,0.0,0.0,5.833333333333333,,
CLI067410,OF004,precio,31.0,1.0,13.5,,
CLI067449,OF002,no_confia,31.0,0.0,1.0,,
CLI067451,OF004,,,0.0,24.0,,
CLI067468,OF002,ya_tiene_similar,0.0,0.0,6.666666666666667,ya_tiene_similar,0.0
CLI067511,OF002,,,0.0,16.0,,
CLI067585,OF003,,,0.0,15.333333333333334,,
CLI067609,OF004,precio,0.0,0.0,14.5,precio,0.0
CLI067700,OF003,no_confia,0.0,0.0,5.666666666666667,,
CLI067781,OF002,no_confia,31.0,0.0,17.333333333333332,,
CLI067815,OF004,no_necesita,0.0,0.0,0.0,,
CLI067841,OF002,,,3.0,9.5,,
CLI067859,OF002,no_necesita,0.0,0.0,9.333333333333334,no_necesita,0.0
CLI067873,OF004,precio,120.0,3.0,2.833333333333333,,
CLI067920,OF003,otro,31.0,0.0,0.0,precio,31.0
CLI067933,OF002,,,0.0,22.0,,
CLI067934,OF002,,,0.0,27.83333333333333,,
CLI067968,OF004,precio,31.0,2.0,2.1666666666666665,precio,31.0
CLI067974,OF003,,,3.0,0.0,,
CLI067992,OF003,ya_tiene_similar,61.0,3.0,11.5,,
CLI067996,OF003,,,3.0,4.5,,
CLI068019,OF002,no_necesita,61.0,2.0,15.666666666666666,,
CLI068082,OF002,no_necesita,61.0,0.0,24.33333333333333,,
CLI068092,OF002,no_necesita,0.0,0.0,22.33333333333333,,
CLI068106,OF004,,,3.0,14.5,,
CLI068141,OF004,,,0.0,15.666666666666666,,
CLI068232,OF003,no_necesita,0.0,1.0,20.0,,
CLI068233,OF002,,,0.0,19.0,,
CLI068283,OF004,mal_momento,120.0,3.0,10.166666666666666,,
CLI068287,OF004,precio,151.0,3.0,3.1666666666666665,precio,151.0
CLI068331,OF003,mal_momento,61.0,0.0,7.333333333333333,mal_momento,61.0
CLI068455,OF004,ya_tiene_similar,0.0,0.0,0.0,,
CLI068483,OF002,mal_momento,31.0,0.0,9.833333333333334,,
CLI068532,OF002,ya_tiene_similar,31.0,0.0,0.0,,
CLI068542,OF004,mal_momento,31.0,2.0,9.5,,
CLI068559,OF003,,,3.0,0.0,,
CLI068562,OF004,,,3.0,8.166666666666666,,
CLI068577,OF003,,,0.0,23.666666666666668,,
CLI068578,OF002,mal_momento,0.0,0.0,6.833333333333333,,
CLI068608,OF003,precio,0.0,3.0,31.5,precio,0.0
CLI068609,OF002,precio,0.0,0.0,6.333333333333333,precio,0.0
CLI068641,OF003,precio,31.0,0.0,14.666666666666666,,
CLI068654,OF004,no_confia,120.0,3.0,2.333333333333333,no_confia,120.0
CLI068680,OF003,ya_tiene_similar,151.0,0.0,33.166666666666664,,
CLI068699,OF004,precio,120.0,3.0,10.333333333333334,,
CLI068706,OF002,mal_momento,31.0,0.0,9.166666666666666,mal_momento,61.0
CLI068723,OF004,ya_tiene_similar,61.0,0.0,12.333333333333334,ya_tiene_similar,92.0
CLI068729,OF003,no_necesita,61.0,0.0,11.5,,
CLI068768,OF004,,,2.0,19.166666666666668,,
CLI068783,OF002,precio,61.0,0.0,0.0,,
CLI068802,OF004,no_confia,61.0,0.0,9.666666666666666,,
CLI068822,OF004,,,2.0,17.0,,
CLI068827,OF004,no_necesita,92.0,0.0,20.166666666666668,no_necesita,92.0
CLI068850,OF004,no_necesita,0.0,2.0,5.833333333333333,no_necesita,0.0
CLI068915,OF004,no_confia,31.0,0.0,12.166666666666666,,
CLI068916,OF003,precio,92.0,0.0,16.666666666666668,otro,92.0
CLI068948,OF004,,,0.0,15.0,,
CLI068975,OF003,precio,61.0,0.0,10.333333333333334,precio,61.0
CLI069019,OF002,,,1.0,21.0,,
CLI069071,OF002,precio,61.0,0.0,12.5,,
CLI069127,OF002,precio,0.0,0.0,0.0,precio,0.0
CLI069128,OF004,no_necesita,31.0,3.0,29.0,no_necesita,31.0
CLI069157,OF004,,,0.0,31.83333333333333,,
CLI069165,OF004,,,2.0,23.33333333333333,,
CLI069226,OF002,no_necesita,0.0,0.0,9.5,,
CLI069301,OF004,ya_tiene_similar,0.0,0.0,4.833333333333333,,
CLI069336,OF004,,,3.0,8.666666666666666,,
CLI069341,OF003,,,3.0,0.0,,
CLI069366,OF003,,,0.0,15.0,,
CLI069368,OF003,mal_momento,0.0,0.0,0.0,,
CLI069375,OF003,ya_tiene_similar,0.0,2.0,9.0,precio,120.0
CLI069390,OF003,mal_momento,31.0,0.0,1.5,mal_momento,31.0
CLI069406,OF003,,,2.0,18.5,,
CLI069416,OF003,,,0.0,19.0,,
CLI069506,OF004,no_necesita,61.0,0.0,13.333333333333334,no_necesita,61.0
CLI069512,OF002,,,3.0,6.0,,
CLI069525,OF004,,,0.0,17.833333333333332,,
CLI069553,OF003,ya_tiene_similar,61.0,0.0,0.0,,
CLI069562,OF002,no_necesita,31.0,0.0,0.0,,
CLI069571,OF002,ya_tiene_similar,61.0,3.0,30.166666666666668,,
CLI069622,OF002,no_necesita,0.0,0.0,20.33333333333333,,
CLI069637,OF002,mal_momento,0.0,0.0,8.0,,
CLI069678,OF002,,,2.0,17.333333333333332,,
CLI069698,OF004,ya_tiene_similar,31.0,0.0,1.3333333333333333,,
CLI069735,OF002,precio,0.0,0.0,0.0,precio,0.0
CLI069752,OF003,precio,61.0,3.0,11.833333333333334,precio,61.0
CLI069763,OF004,precio,61.0,0.0,6.5,,
CLI069769,OF002,precio,61.0,0.0,2.5,,
CLI069823,OF003,precio,151.0,0.0,19.166666666666668,,
CLI069834,OF002,,,0.0,15.833333333333334,,
CLI069867,OF003,precio,61.0,1.0,19.166666666666668,precio,61.0
CLI069908,OF003,,,2.0,17.833333333333332,,
CLI069931,OF002,,,2.0,19.33333333333333,,
CLI069942,OF004,no_necesita,61.0,0.0,0.0,no_necesita,61.0
CLI069961,OF004,,,2.0,17.833333333333332,,
CLI069987,OF002,mal_momento,31.0,0.0,5.666666666666667,mal_momento,31.0
CLI070049,OF002,precio,0.0,0.0,6.166666666666667,,
CLI070088,OF002,ya_tiene_similar,31.0,0.0,11.166666666666666,,
CLI070182,OF003,,,0.0,18.83333333333333,,
CLI070186,OF004,no_necesita,61.0,2.0,12.0,,
CLI070199,OF004,,,0.0,19.166666666666668,,
CLI070270,OF004,,,1.0,15.666666666666666,,
CLI070395,OF003,precio,61.0,0.0,0.0,,
CLI070404,OF003,precio,0.0,0.0,9.333333333333334,precio,0.0
CLI070437,OF002,precio,61.0,0.0,10.833333333333334,,
CLI070467,OF002,no_necesita,0.0,0.0,25.83333333333333,,
CLI070496,OF003,otro,120.0,1.0,15.833333333333334,,
CLI070557,OF003,mal_momento,151.0,3.0,12.833333333333334,,
CLI070633,OF003,,,3.0,15.833333333333334,,
CLI070651,OF003,,,0.0,16.333333333333332,,
CLI070675,OF004,no_necesita,61.0,0.0,21.0,no_necesita,61.0
CLI070687,OF003,ya_tiene_similar,31.0,0.0,11.333333333333334,ya_tiene_similar,31.0
CLI070699,OF004,no_confia,61.0,0.0,7.166666666666667,,
CLI070742,OF004,ya_tiene_similar,61.0,0.0,0.0,,
CLI070765,OF003,,,3.0,9.333333333333334,,
CLI070855,OF004,mal_momento,0.0,0.0,24.166666666666668,mal_momento,0.0
CLI070934,OF002,no_confia,0.0,0.0,6.0,,
CLI070948,OF002,,,3.0,0.0,,
CLI070954,OF004,,,3.0,26.166666666666668,,
CLI071048,OF004,,,2.0,15.333333333333334,,
CLI071058,OF004,no_necesita,0.0,0.0,1.3333333333333333,,
CLI071072,OF004,ya_tiene_similar,0.0,1.0,28.0,,
CLI071099,OF003,otro,61.0,0.0,0.0,,
CLI071103,OF002,,,3.0,5.166666666666667,,
CLI071211,OF004,precio,31.0,0.0,0.0,precio,31.0
CLI071217,OF003,,,3.0,15.333333333333334,,
CLI071242,OF002,precio,61.0,0.0,16.166666666666668,,
CLI071337,OF003,,,0.0,23.0,,
CLI071438,OF002,mal_momento,61.0,0.0,0.0,mal_momento,61.0
CLI071440,OF004,precio,92.0,0.0,21.5,,
CLI071447,OF004,precio,61.0,0.0,0.0,,
CLI071466,OF002,precio,0.0,0.0,4.166666666666667,,
CLI071506,OF003,precio,0.0,1.0,11.666666666666666,,
CLI071517,OF002,precio,0.0,0.0,1.3333333333333333,,
CLI071525,OF003,,,0.0,22.33333333333333,,
CLI071542,OF002,,,0.0,18.166666666666668,,
CLI071544,OF002,precio,31.0,0.0,0.0,,
CLI071563,OF003,no_confia,31.0,0.0,0.0,no_confia,31.0
CLI071686,OF002,precio,61.0,0.0,16.833333333333332,,
CLI071694,OF002,mal_momento,31.0,0.0,9.666666666666666,mal_momento,31.0
CLI071754,OF002,no_necesita,0.0,0.0,29.666666666666668,,
CLI071837,OF002,mal_momento,0.0,2.0,18.83333333333333,,
CLI071857,OF002,no_confia,0.0,0.0,1.5,no_confia,61.0
CLI071868,OF002,,,0.0,16.0,,
CLI071873,OF003,,,3.0,6.166666666666667,,
CLI071909,OF004,,,1.0,16.666666666666668,,
CLI071937,OF004,otro,0.0,1.0,16.5,precio,61.0
CLI071943,OF002,no_necesita,31.0,3.0,12.5,,
CLI071945,OF002,,,0.0,39.5,,
CLI071950,OF002,no_necesita,0.0,0.0,18.5,no_necesita,0.0
CLI072092,OF003,precio,31.0,3.0,9.0,,
CLI072093,OF003,,,0.0,15.333333333333334,,
CLI072105,OF004,,,0.0,21.666666666666668,,
CLI072121,OF003,,,0.0,17.166666666666668,,
CLI072187,OF002,,,0.0,15.666666666666666,,
CLI072210,OF003,,,3.0,0.0,,
CLI072263,OF003,,,1.0,26.33333333333333,,
CLI072275,OF002,,,0.0,21.666666666666668,,
CLI072288,OF004,,,3.0,8.0,,
CLI072359,OF002,precio,31.0,0.0,7.5,,
CLI072367,OF003,precio,31.0,1.0,0.0,,
CLI072397,OF003,no_necesita,0.0,0.0,4.0,,
CLI072406,OF002,,,0.0,20.0,,
CLI072412,OF002,mal_momento,31.0,3.0,25.166666666666668,,
CLI072459,OF002,mal_momento,31.0,0.0,11.166666666666666,,
CLI072464,OF004,,,3.0,6.0,,
CLI072469,OF002,,,0.0,20.5,,
CLI072493,OF002,,,0.0,20.166666666666668,,
CLI072518,OF003,ya_tiene_similar,0.0,0.0,2.333333333333333,,
CLI072522,OF002,no_confia,61.0,0.0,3.0,no_confia,61.0
CLI072523,OF004,precio,61.0,0.0,25.166666666666668,,
CLI072568,OF002,,,3.0,9.666666666666666,,
CLI072575,OF003,,,1.0,25.666666666666668,,
CLI072582,OF002,,,0.0,22.33333333333333,,
CLI072604,OF002,precio,61.0,2.0,22.83333333333333,precio,61.0
CLI072612,OF002,,,1.0,16.333333333333332,,
CLI072660,OF004,,,0.0,15.166666666666666,,
CLI072673,OF004,precio,31.0,3.0,12.833333333333334,precio,151.0
CLI072743,OF003,,,0.0,17.166666666666668,,
CLI072768,OF002,no_confia,151.0,0.0,19.33333333333333,,
CLI072853,OF003,ya_tiene_similar,31.0,1.0,18.0,ya_tiene_similar,61.0
CLI072877,OF003,,,3.0,8.666666666666666,,
CLI072880,OF002,precio,31.0,2.0,20.83333333333333,,
CLI072889,OF003,mal_momento,120.0,3.0,19.166666666666668,,
CLI072892,OF002,precio,61.0,1.0,16.833333333333332,mal_momento,61.0
CLI072924,OF004,,,0.0,18.0,,
CLI072952,OF004,no_confia,61.0,0.0,4.833333333333333,,
CLI073001,OF003,,,3.0,0.0,,
CLI073109,OF002,precio,31.0,0.0,7.666666666666667,precio,31.0
CLI073122,OF002,precio,92.0,0.0,27.5,,
CLI073141,OF002,,,0.0,16.666666666666668,,
CLI073158,OF004,no_necesita,0.0,0.0,9.0,no_necesita,0.0
CLI073160,OF002,no_necesita,0.0,0.0,13.666666666666666,,
CLI073169,OF002,mal_momento,61.0,0.0,0.0,precio,92.0
CLI073254,OF002,,,3.0,8.5,,
CLI073263,OF003,,,0.0,15.0,,
CLI073294,OF004,precio,120.0,0.0,29.166666666666668,precio,120.0
CLI073443,OF004,,,3.0,9.5,,
CLI073474,OF003,,,0.0,26.5,,
CLI073478,OF003,otro,0.0,0.0,2.0,,
CLI073517,OF004,mal_momento,61.0,2.0,9.666666666666666,,
CLI073519,OF003,,,0.0,15.666666666666666,,
CLI073542,OF002,precio,61.0,0.0,0.0,,
CLI073565,OF003,ya_tiene_similar,0.0,0.0,5.5,,
CLI073573,OF002,precio,0.0,0.0,4.5,,
CLI073575,OF003,,,2.0,24.83333333333333,,
CLI073591,OF002,,,0.0,17.0,,
CLI073620,OF004,,,0.0,18.0,,
CLI073628,OF003,precio,31.0,0.0,9.0,,
CLI073685,OF003,,,3.0,14.833333333333334,,
CLI073721,OF002,,,0.0,15.0,,
CLI073723,OF002,precio,31.0,0.0,5.0,,
CLI073757,OF003,,,0.0,15.0,,
CLI073800,OF003,precio,31.0,0.0,0.0,,
CLI073843,OF004,no_necesita,120.0,0.0,20.166666666666668,no_necesita,120.0
CLI073846,OF004,precio,31.0,0.0,11.833333333333334,,
CLI073860,OF003,,,0.0,25.33333333333333,,
CLI073872,OF002,ya_tiene_similar,61.0,3.0,8.5,,
CLI073875,OF002,precio,0.0,0.0,15.0,,
CLI073881,OF003,ya_tiene_similar,31.0,0.0,0.0,,
CLI073887,OF004,,,3.0,7.666666666666667,,
CLI073889,OF004,,,1.0,16.666666666666668,,
CLI073916,OF003,no_necesita,31.0,0.0,0.0,,
CLI073920,OF004,precio,0.0,0.0,0.0,precio,0.0
CLI073968,OF003,,,0.0,30.166666666666668,,
CLI074000,OF003,,,0.0,22.666666666666668,,
CLI074014,OF003,,,0.0,17.333333333333332,,
CLI074100,OF003,,,0.0,22.666666666666668,,
CLI074119,OF004,,,0.0,15.166666666666666,,
CLI074248,OF003,mal_momento,61.0,0.0,4.666666666666667,,
CLI074252,OF002,no_confia,31.0,0.0,9.666666666666666,,
CLI074349,OF003,precio,61.0,0.0,0.0,,
CLI074379,OF003,mal_momento,31.0,0.0,0.0,,
CLI074381,OF004,no_necesita,31.0,0.0,0.0,,
CLI074386,OF002,,,2.0,17.666666666666668,,
CLI074455,OF002,,,0.0,17.666666666666668,,
CLI074514,OF003,,,3.0,4.5,,
CLI074544,OF004,,,3.0,14.666666666666666,,
CLI074550,OF004,no_necesita,31.0,2.0,26.0,no_necesita,151.0
CLI074563,OF002,no_confia,0.0,0.0,11.333333333333334,,
CLI074617,OF002,ya_tiene_similar,0.0,0.0,0.0,,
CLI074653,OF002,mal_momento,31.0,0.0,16.333333333333332,,
CLI074703,OF003,ya_tiene_similar,61.0,0.0,15.666666666666666,,
CLI074706,OF002,no_confia,31.0,0.0,0.0,no_confia,31.0
CLI074716,OF002,precio,61.0,0.0,7.666666666666667,,
CLI074735,OF002,,,1.0,26.166666666666668,,
CLI074756,OF002,no_confia,31.0,0.0,1.5,,
CLI074775,OF003,,,0.0,20.33333333333333,,
CLI074789,OF004,,,2.0,27.83333333333333,,
CLI074835,OF004,precio,61.0,0.0,0.0,precio,61.0
CLI074854,OF003,mal_momento,31.0,2.0,10.833333333333334,mal_momento,31.0
CLI074858,OF002,precio,31.0,0.0,12.833333333333334,precio,31.0
CLI074898,OF002,precio,61.0,0.0,0.0,precio,61.0
CLI074900,OF003,no_necesita,0.0,0.0,6.333333333333333,,
CLI074913,OF003,mal_momento,61.0,0.0,7.0,mal_momento,61.0
CLI074929,OF004,,,0.0,18.5,,
CLI074954,OF004,mal_momento,92.0,3.0,9.666666666666666,,
CLI074955,OF003,ya_tiene_similar,151.0,3.0,1.5,,
CLI074993,OF003,ya_tiene_similar,61.0,1.0,14.5,,
CLI075053,OF003,,,2.0,19.0,,
CLI075088,OF002,no_necesita,0.0,0.0,0.0,,
CLI075109,OF004,,,3.0,8.666666666666666,,
CLI075127,OF003,,,3.0,14.333333333333334,,
CLI075134,OF002,,,3.0,10.0,,
CLI075149,OF004,,,0.0,15.833333333333334,,
CLI075183,OF003,,,0.0,15.333333333333334,,
CLI075257,OF004,ya_tiene_similar,151.0,3.0,18.33333333333333,,
CLI075291,OF002,,,0.0,26.5,,
CLI075360,OF003,,,3.0,11.5,,
CLI075366,OF002,ya_tiene_similar,31.0,0.0,6.0,,
CLI075385,OF002,precio,31.0,0.0,12.666666666666666,,
CLI075401,OF003,precio,31.0,3.0,2.833333333333333,,
CLI075412,OF003,precio,0.0,3.0,26.166666666666668,precio,0.0
CLI075431,OF004,,,3.0,11.333333333333334,,
CLI075454,OF004,,,1.0,21.33333333333333,,
CLI075520,OF003,precio,0.0,3.0,26.0,,
CLI075526,OF004,,,2.0,25.666666666666668,,
CLI075554,OF004,precio,31.0,0.0,0.0,,
CLI075580,OF004,,,0.0,24.166666666666668,,
CLI075581,OF003,no_confia,61.0,0.0,26.166666666666668,no_confia,61.0
CLI075628,OF004,,,3.0,20.666666666666668,,
CLI075635,OF004,,,3.0,0.0,,
CLI075802,OF002,,,0.0,22.5,,
CLI075849,OF003,no_necesita,61.0,0.0,9.0,,
CLI075857,OF002,,,2.0,24.33333333333333,,
CLI075884,OF004,precio,61.0,0.0,7.666666666666667,precio,61.0
CLI075888,OF002,ya_tiene_similar,31.0,0.0,6.666666666666667,,
CLI075898,OF002,no_necesita,0.0,0.0,4.5,,
CLI075925,OF003,precio,31.0,0.0,0.0,,
CLI075927,OF004,mal_momento,31.0,2.0,0.0,,
CLI075951,OF002,,,1.0,21.0,,
CLI075979,OF004,,,0.0,18.0,,
CLI075997,OF003,,,0.0,19.83333333333333,,
CLI076011,OF003,,,0.0,20.33333333333333,,
CLI076013,OF003,precio,92.0,1.0,20.0,,
CLI076020,OF004,,,3.0,3.333333333333333,,
CLI076035,OF002,mal_momento,0.0,0.0,8.0,,
CLI076041,OF003,no_necesita,0.0,0.0,18.5,no_necesita,151.0
CLI076047,OF004,,,3.0,4.833333333333333,,
CLI076078,OF003,,,3.0,16.666666666666668,,
CLI076090,OF004,,,0.0,22.0,,
CLI076170,OF002,,,0.0,22.33333333333333,,
CLI076212,OF004,precio,31.0,0.0,15.5,,
CLI076214,OF004,no_necesita,120.0,2.0,31.0,,
CLI076258,OF003,mal_momento,120.0,1.0,34.0,,
CLI076291,OF003,,,2.0,27.33333333333333,,
CLI076343,OF002,,,0.0,29.666666666666668,,
CLI076347,OF002,,,0.0,17.0,,
CLI076378,OF003,precio,151.0,0.0,17.0,,
CLI076396,OF004,no_necesita,61.0,2.0,12.5,,
CLI076419,OF003,precio,0.0,0.0,3.333333333333333,,
CLI076463,OF003,precio,61.0,0.0,8.5,precio,61.0
CLI076468,OF003,no_necesita,151.0,2.0,25.33333333333333,,
CLI076480,OF002,,,0.0,16.666666666666668,,
CLI076488,OF003,,,0.0,18.0,,
CLI076534,OF003,no_necesita,31.0,0.0,0.0,,
CLI076535,OF002,precio,120.0,2.0,16.333333333333332,,
CLI076540,OF003,mal_momento,151.0,0.0,20.33333333333333,,
CLI076562,OF004,no_necesita,31.0,0.0,16.5,,
CLI076651,OF002,mal_momento,31.0,0.0,12.166666666666666,,
CLI076652,OF004,mal_momento,61.0,0.0,0.0,,
CLI076653,OF004,precio,31.0,0.0,4.666666666666667,,
CLI076655,OF003,,,3.0,28.166666666666668,,
CLI076660,OF002,ya_tiene_similar,31.0,0.0,0.0,ya_tiene_similar,31.0
CLI076727,OF002,,,0.0,18.166666666666668,,
CLI076729,OF002,,,0.0,15.666666666666666,,
CLI076736,OF004,,,0.0,16.333333333333332,,
CLI076739,OF004,mal_momento,120.0,3.0,18.166666666666668,,
CLI076754,OF003,,,3.0,5.833333333333333,,
CLI076756,OF003,,,3.0,2.333333333333333,,
CLI076860,OF002,precio,0.0,0.0,0.0,,
CLI076862,OF003,no_necesita,31.0,0.0,27.666666666666668,,
CLI076883,OF002,mal_momento,0.0,0.0,11.333333333333334,mal_momento,0.0
CLI076903,OF004,no_confia,0.0,0.0,5.333333333333333,,
CLI077025,OF002,,,0.0,23.166666666666668,,
CLI077052,OF004,ya_tiene_similar,0.0,0.0,0.0,,
CLI077054,OF002,,,0.0,16.333333333333332,,
CLI077124,OF004,,,2.0,23.0,,
CLI077165,OF002,,,3.0,8.666666666666666,,
CLI077270,OF002,precio,0.0,0.0,0.0,precio,0.0
CLI077337,OF003,,,0.0,23.166666666666668,,
CLI077382,OF004,mal_momento,31.0,0.0,7.333333333333333,,
CLI077384,OF002,,,3.0,13.833333333333334,,
CLI077433,OF003,,,0.0,17.333333333333332,,
CLI077442,OF003,,,3.0,22.0,,
CLI077453,OF002,,,2.0,20.33333333333333,,
CLI077458,OF002,no_necesita,31.0,1.0,14.333333333333334,,
CLI077469,OF002,precio,61.0,0.0,16.166666666666668,precio,61.0
CLI077474,OF002,ya_tiene_similar,61.0,0.0,5.0,,
CLI077532,OF004,ya_tiene_similar,31.0,1.0,7.0,,
CLI077598,OF003,mal_momento,0.0,0.0,12.333333333333334,,
CLI077609,OF004,,,0.0,15.666666666666666,,
CLI077626,OF004,,,0.0,26.33333333333333,,
CLI077636,OF002,,,1.0,15.666666666666666,,
CLI077723,OF004,mal_momento,61.0,0.0,10.0,,
CLI077776,OF003,,,2.0,38.0,,
CLI077834,OF003,,,3.0,28.83333333333333,,
CLI077878,OF004,,,0.0,21.83333333333333,,
CLI077914,OF002,ya_tiene_similar,61.0,0.0,1.1666666666666667,,
CLI077967,OF004,,,3.0,2.6666666666666665,,
CLI078028,OF004,,,0.0,17.333333333333332,,
CLI078031,OF003,otro,31.0,0.0,8.166666666666666,otro,31.0
CLI078089,OF003,,,3.0,18.5,,
CLI078172,OF003,ya_tiene_similar,120.0,3.0,15.666666666666666,,
CLI078197,OF003,no_necesita,120.0,0.0,26.666666666666668,,
CLI078201,OF004,,,0.0,23.83333333333333,,
CLI078211,OF002,ya_tiene_similar,120.0,0.0,18.166666666666668,,
CLI078292,OF003,,,0.0,17.166666666666668,,
CLI078320,OF003,no_confia,31.0,0.0,0.0,,
CLI078322,OF002,precio,31.0,2.0,4.0,,
CLI078343,OF004,precio,0.0,0.0,12.833333333333334,mal_momento,92.0
CLI078347,OF004,ya_tiene_similar,0.0,0.0,3.8333333333333335,,
CLI078413,OF002,,,0.0,23.33333333333333,,
CLI078447,OF003,mal_momento,151.0,3.0,7.833333333333333,,
CLI078485,OF004,precio,0.0,0.0,11.333333333333334,precio,0.0
CLI078494,OF003,,,2.0,16.166666666666668,,
CLI078522,OF002,no_necesita,61.0,1.0,1.5,,
CLI078524,OF003,precio,61.0,0.0,12.833333333333334,,
CLI078563,OF003,,,3.0,4.833333333333333,,
CLI078577,OF002,,,0.0,26.666666666666668,,
CLI078641,OF003,,,0.0,19.33333333333333,,
CLI078674,OF003,,,0.0,22.0,,
CLI078727,OF002,,,3.0,0.0,,
CLI078773,OF004,,,0.0,20.0,,
CLI078784,OF003,no_necesita,151.0,0.0,15.5,no_necesita,151.0
CLI078790,OF002,no_confia,120.0,0.0,29.666666666666668,,
CLI078844,OF002,,,0.0,15.833333333333334,,
CLI078900,OF003,ya_tiene_similar,0.0,0.0,0.0,ya_tiene_similar,0.0
CLI078933,OF002,,,3.0,6.0,,
CLI078939,OF002,mal_momento,0.0,0.0,0.0,mal_momento,0.0
CLI078960,OF002,ya_tiene_similar,0.0,0.0,1.8333333333333333,,
CLI078991,OF003,,,3.0,10.5,,
CLI078994,OF003,no_confia,61.0,0.0,18.83333333333333,,
CLI078998,OF002,,,0.0,17.0,,
CLI078999,OF002,mal_momento,0.0,0.0,5.333333333333333,,
CLI079021,OF002,no_necesita,0.0,0.0,7.5,,
CLI079022,OF003,,,0.0,16.0,,
CLI079027,OF004,mal_momento,61.0,3.0,15.5,mal_momento,61.0
CLI079058,OF004,precio,31.0,0.0,8.0,,
CLI079084,OF003,ya_tiene_similar,31.0,0.0,21.0,,
CLI079086,OF003,no_necesita,151.0,0.0,20.33333333333333,,
CLI079087,OF002,precio,0.0,0.0,7.5,precio,0.0
CLI079120,OF002,otro,120.0,0.0,15.833333333333334,,
CLI079124,OF003,,,3.0,9.833333333333334,,
CLI079139,OF004,precio,31.0,0.0,9.833333333333334,,
CLI079143,OF002,ya_tiene_similar,0.0,0.0,5.666666666666667,,
CLI079166,OF003,otro,31.0,0.0,23.83333333333333,otro,31.0
CLI079178,OF003,no_necesita,0.0,0.0,6.333333333333333,,
CLI079184,OF004,precio,61.0,0.0,10.333333333333334,,
CLI079215,OF003,,,0.0,33.166666666666664,,
CLI079228,OF002,,,0.0,33.166666666666664,,
CLI079229,OF004,no_necesita,0.0,2.0,2.5,,
CLI079247,OF002,precio,61.0,0.0,15.166666666666666,,
CLI079313,OF004,,,2.0,23.5,,
CLI079342,OF004,,,0.0,26.666666666666668,,
CLI079357,OF004,ya_tiene_similar,0.0,0.0,9.0,,
CLI079379,OF003,ya_tiene_similar,31.0,0.0,12.166666666666666,,
CLI079385,OF002,precio,31.0,0.0,1.8333333333333333,precio,31.0
CLI079467,OF003,,,0.0,21.83333333333333,,
CLI079471,OF003,mal_momento,61.0,0.0,5.333333333333333,,
CLI079480,OF002,precio,31.0,0.0,0.0,,
CLI079513,OF002,no_necesita,31.0,0.0,3.0,no_necesita,31.0
CLI079515,OF004,no_confia,31.0,0.0,7.0,,
CLI079558,OF003,,,1.0,16.0,,
CLI079624,OF004,,,1.0,21.666666666666668,,
CLI079625,OF003,precio,31.0,3.0,17.833333333333332,precio,61.0
CLI079648,OF004,,,2.0,25.33333333333333,,
CLI079664,OF003,no_necesita,61.0,0.0,7.5,,
CLI079674,OF002,mal_momento,61.0,0.0,13.0,mal_momento,61.0
CLI079695,OF004,,,3.0,16.666666666666668,,
CLI079770,OF003,no_confia,31.0,0.0,0.0,no_confia,31.0
CLI079774,OF002,,,0.0,16.5,,
CLI079814,OF003,no_confia,0.0,0.0,15.5,,
CLI079820,OF002,mal_momento,31.0,0.0,9.5,,
CLI079843,OF004,,,1.0,16.666666666666668,,
CLI079868,OF002,precio,0.0,1.0,17.166666666666668,,
CLI079915,OF003,,,0.0,16.166666666666668,,
CLI079931,OF002,mal_momento,31.0,0.0,24.166666666666668,no_necesita,31.0
CLI079965,OF003,,,3.0,2.333333333333333,,
CLI079984,OF002,otro,151.0,3.0,8.666666666666666,,
CLI079991,OF004,no_necesita,0.0,0.0,4.166666666666667,,
CLI080061,OF003,ya_tiene_similar,120.0,0.0,20.666666666666668,,
CLI080076,OF003,no_necesita,0.0,0.0,0.0,,
CLI080079,OF004,,,0.0,17.833333333333332,,
CLI080116,OF003,no_necesita,61.0,1.0,0.0,,
CLI080172,OF003,,,0.0,21.0,,
CLI080232,OF003,mal_momento,31.0,0.0,5.166666666666667,ya_tiene_similar,120.0
CLI080260,OF003,precio,151.0,2.0,24.166666666666668,precio,151.0
CLI080273,OF004,,,3.0,8.666666666666666,,
CLI080284,OF002,,,0.0,17.666666666666668,,
CLI080286,OF002,precio,31.0,3.0,3.0,precio,31.0
CLI080301,OF002,no_confia,61.0,0.0,28.83333333333333,no_confia,61.0
CLI080320,OF003,mal_momento,0.0,0.0,0.0,,
CLI080325,OF004,,,0.0,15.333333333333334,,
CLI080332,OF004,,,0.0,20.5,,
CLI080375,OF002,ya_tiene_similar,0.0,0.0,8.166666666666666,,
CLI080386,OF004,no_necesita,151.0,3.0,11.0,,
CLI080413,OF003,,,0.0,16.666666666666668,,
CLI080435,OF004,precio,0.0,2.0,3.0,,
CLI080449,OF003,,,3.0,11.0,,
CLI080480,OF002,ya_tiene_similar,0.0,0.0,9.166666666666666,,
CLI080481,OF002,precio,31.0,0.0,0.0,,
CLI080515,OF003,precio,0.0,0.0,0.0,,
CLI080578,OF002,precio,120.0,3.0,24.166666666666668,,
CLI080586,OF002,,,0.0,31.166666666666668,,
CLI080604,OF002,precio,0.0,0.0,9.5,,
CLI080625,OF002,no_necesita,0.0,0.0,3.0,,
CLI080720,OF002,precio,61.0,0.0,8.166666666666666,,
CLI080734,OF004,,,0.0,24.0,,
CLI080766,OF003,precio,61.0,0.0,5.0,precio,61.0
CLI080786,OF003,no_necesita,0.0,1.0,35.666666666666664,,
CLI080799,OF002,,,0.0,17.0,,
CLI080801,OF002,,,0.0,21.666666666666668,,
CLI080824,OF003,ya_tiene_similar,92.0,0.0,21.5,,
CLI080858,OF003,mal_momento,31.0,2.0,11.166666666666666,,
CLI080860,OF004,no_necesita,61.0,0.0,24.0,,
CLI080864,OF003,no_necesita,61.0,0.0,16.666666666666668,no_necesita,61.0
CLI080868,OF004,ya_tiene_similar,61.0,0.0,6.666666666666667,,
CLI080881,OF003,mal_momento,120.0,3.0,12.166666666666666,,
CLI080883,OF004,no_necesita,0.0,0.0,15.166666666666666,,
CLI080916,OF002,no_confia,61.0,0.0,8.166666666666666,,
CLI080919,OF003,,,3.0,11.666666666666666,,
CLI080923,OF003,,,0.0,27.166666666666668,,
CLI080947,OF003,precio,31.0,0.0,0.0,precio,31.0
CLI080963,OF002,,,0.0,25.166666666666668,,
CLI080980,OF002,,,0.0,28.5,,
CLI081011,OF004,precio,0.0,2.0,1.6666666666666667,,
CLI081030,OF003,mal_momento,61.0,0.0,0.0,,
CLI081073,OF003,mal_momento,31.0,0.0,2.833333333333333,,
CLI081095,OF002,,,3.0,35.166666666666664,,
CLI081101,OF003,,,2.0,15.833333333333334,,
CLI081191,OF002,,,0.0,15.5,,
CLI081226,OF004,precio,31.0,0.0,6.166666666666667,precio,31.0
CLI081236,OF002,,,0.0,21.33333333333333,,
CLI081294,OF004,,,1.0,15.0,,
CLI081305,OF002,,,0.0,16.0,,
CLI081306,OF002,precio,0.0,0.0,0.0,,
CLI081321,OF004,no_confia,61.0,3.0,18.166666666666668,,
CLI081367,OF003,precio,92.0,2.0,21.666666666666668,,
CLI081388,OF002,precio,0.0,0.0,2.1666666666666665,,
CLI081396,OF002,precio,31.0,3.0,9.333333333333334,,
CLI081410,OF002,no_necesita,92.0,0.0,16.833333333333332,,
CLI081489,OF003,no_necesita,151.0,3.0,21.33333333333333,no_necesita,151.0
CLI081537,OF002,,,0.0,37.66666666666666,,
CLI081552,OF003,,,2.0,27.666666666666668,,
CLI081556,OF004,precio,0.0,0.0,6.0,,
CLI081568,OF002,precio,0.0,2.0,7.166666666666667,,
CLI081595,OF003,precio,0.0,0.0,5.333333333333333,,
CLI081597,OF003,,,3.0,0.0,,
CLI081604,OF003,,,3.0,8.333333333333334,,
CLI081614,OF003,precio,61.0,0.0,6.333333333333333,precio,61.0
CLI081671,OF002,precio,0.0,0.0,8.5,,
CLI081716,OF003,precio,151.0,3.0,12.5,precio,151.0
CLI081719,OF003,,,3.0,8.833333333333334,,
CLI081756,OF003,,,0.0,23.166666666666668,,
CLI081760,OF002,no_necesita,31.0,2.0,14.5,,
CLI081765,OF004,,,3.0,10.5,,
CLI081800,OF003,,,0.0,17.5,,
CLI081888,OF004,,,3.0,17.0,,
CLI081894,OF002,no_necesita,31.0,0.0,0.0,,
CLI081912,OF003,,,0.0,15.666666666666666,,
CLI081939,OF004,ya_tiene_similar,31.0,0.0,0.0,,
CLI081952,OF004,precio,0.0,0.0,0.0,,
CLI081962,OF004,,,2.0,30.33333333333333,,
CLI082000,OF003,precio,31.0,0.0,10.5,no_necesita,151.0
CLI082008,OF004,ya_tiene_similar,31.0,0.0,17.833333333333332,,
CLI082021,OF003,ya_tiene_similar,0.0,1.0,0.0,,
CLI082027,OF003,ya_tiene_similar,61.0,0.0,0.0,ya_tiene_similar,61.0
CLI082079,OF004,ya_tiene_similar,0.0,3.0,0.0,,
CLI082085,OF003,ya_tiene_similar,0.0,0.0,6.0,,
CLI082116,OF002,,,0.0,41.0,,
CLI082139,OF003,,,0.0,17.166666666666668,,
CLI082165,OF002,precio,61.0,0.0,5.833333333333333,,
CLI082182,OF003,ya_tiene_similar,61.0,0.0,0.0,,
CLI082185,OF004,,,3.0,9.666666666666666,,
CLI082216,OF002,,,0.0,20.83333333333333,,
CLI082218,OF002,precio,31.0,0.0,3.5,precio,31.0
CLI082236,OF003,,,3.0,0.0,,
CLI082247,OF002,,,0.0,19.5,,
CLI082256,OF004,,,0.0,21.666666666666668,,
CLI082266,OF003,mal_momento,31.0,0.0,4.166666666666667,,
CLI082289,OF004,no_necesita,0.0,3.0,13.0,,
CLI082299,OF003,no_confia,31.0,0.0,6.833333333333333,,
CLI082310,OF003,no_necesita,151.0,1.0,16.166666666666668,,
CLI082351,OF003,no_necesita,151.0,3.0,4.166666666666667,,
CLI082357,OF002,,,3.0,12.666666666666666,,
CLI082371,OF004,no_necesita,0.0,3.0,3.5,no_necesita,0.0
CLI082372,OF003,,,0.0,18.83333333333333,,
CLI082400,OF002,no_necesita,0.0,0.0,29.5,,
CLI082433,OF002,precio,120.0,2.0,16.0,precio,120.0
CLI082448,OF002,,,0.0,18.5,,
CLI082454,OF003,precio,31.0,3.0,28.33333333333333,,
CLI082573,OF004,,,3.0,0.0,,
CLI082574,OF003,,,0.0,15.166666666666666,,
CLI082577,OF004,precio,61.0,0.0,7.333333333333333,,
CLI082580,OF002,,,0.0,22.83333333333333,,
CLI082621,OF003,,,1.0,15.166666666666666,,
CLI082649,OF004,,,2.0,20.666666666666668,,
CLI082661,OF004,,,0.0,25.0,,
CLI082678,OF002,precio,0.0,0.0,11.166666666666666,precio,0.0
CLI082716,OF002,precio,31.0,0.0,9.666666666666666,,
CLI082774,OF003,precio,61.0,2.0,8.5,,
CLI082836,OF002,no_necesita,0.0,2.0,0.0,,
CLI082862,OF004,ya_tiene_similar,31.0,0.0,2.6666666666666665,mal_momento,31.0
CLI082928,OF003,no_necesita,31.0,0.0,8.333333333333334,,
CLI082960,OF003,,,0.0,33.5,,
CLI082989,OF002,mal_momento,61.0,0.0,14.333333333333334,,
CLI082991,OF003,otro,61.0,3.0,0.0,,
CLI082993,OF003,no_necesita,151.0,0.0,18.33333333333333,,
CLI083023,OF002,,,0.0,15.333333333333334,,
CLI083138,OF004,no_necesita,92.0,1.0,20.33333333333333,,
CLI083185,OF002,no_confia,0.0,0.0,8.166666666666666,,
CLI083200,OF003,otro,151.0,3.0,15.0,,
CLI083282,OF004,,,3.0,9.333333333333334,,
CLI083349,OF004,,,1.0,18.0,,
CLI083433,OF003,,,0.0,26.0,,
CLI083462,OF003,,,0.0,24.0,,
CLI083534,OF004,,,3.0,0.0,,
CLI083579,OF004,otro,61.0,0.0,2.6666666666666665,,
CLI083654,OF004,precio,92.0,3.0,4.666666666666667,,
CLI083672,OF004,no_necesita,31.0,0.0,4.0,no_necesita,31.0
CLI083681,OF002,,,3.0,11.666666666666666,,
CLI083762,OF003,,,3.0,6.5,,
CLI083818,OF002,precio,0.0,0.0,11.833333333333334,precio,0.0
CLI083848,OF004,mal_momento,61.0,0.0,8.333333333333334,,
CLI083858,OF004,otro,0.0,0.0,0.0,,
CLI083880,OF002,,,0.0,18.5,,
CLI083908,OF003,precio,31.0,0.0,0.0,,
CLI083960,OF004,precio,120.0,0.0,16.5,precio,120.0
CLI083969,OF004,ya_tiene_similar,31.0,0.0,12.166666666666666,,
CLI083987,OF002,no_necesita,31.0,0.0,4.666666666666667,,
CLI083988,OF003,,,0.0,19.166666666666668,,
CLI084105,OF003,,,0.0,26.166666666666668,,
CLI084111,OF004,,,3.0,0.0,,
CLI084120,OF004,,,2.0,21.166666666666668,,
CLI084140,OF003,ya_tiene_similar,61.0,0.0,0.0,,
CLI084162,OF003,no_necesita,92.0,3.0,16.833333333333332,,
CLI084167,OF004,no_necesita,0.0,0.0,1.8333333333333333,precio,92.0
CLI084169,OF003,mal_momento,92.0,3.0,0.0,mal_momento,92.0
CLI084186,OF003,,,3.0,12.5,,
CLI084248,OF003,,,0.0,15.333333333333334,,
CLI084269,OF002,precio,31.0,0.0,0.0,,
CLI084275,OF003,no_confia,120.0,0.0,19.5,,
CLI084287,OF003,mal_momento,61.0,2.0,33.833333333333336,,
CLI084291,OF002,no_necesita,61.0,0.0,17.0,precio,151.0
CLI084341,OF003,precio,120.0,1.0,17.166666666666668,,
CLI084346,OF003,,,3.0,7.166666666666667,,
CLI084360,OF003,mal_momento,92.0,0.0,23.33333333333333,,
CLI084370,OF004,precio,31.0,1.0,5.5,,
CLI084380,OF004,precio,0.0,0.0,13.666666666666666,,
CLI084417,OF002,,,0.0,17.833333333333332,,
CLI084462,OF003,no_confia,61.0,0.0,9.333333333333334,,
CLI084464,OF004,mal_momento,0.0,0.0,14.666666666666666,,
CLI084487,OF004,,,3.0,10.5,,
CLI084524,OF004,,,2.0,18.83333333333333,,
CLI084540,OF003,,,0.0,24.83333333333333,,
CLI084551,OF003,precio,31.0,0.0,0.0,,
CLI084569,OF003,precio,0.0,2.0,9.5,precio,0.0
CLI084627,OF002,precio,0.0,0.0,11.166666666666666,precio,0.0
CLI084669,OF002,,,0.0,29.0,,
CLI084706,OF002,no_confia,151.0,3.0,16.0,,
CLI084715,OF003,no_necesita,61.0,0.0,6.833333333333333,,
CLI084726,OF003,,,0.0,24.33333333333333,,
CLI084748,OF003,,,3.0,5.833333333333333,,
CLI084766,OF002,precio,31.0,0.0,0.0,precio,31.0
CLI084770,OF002,,,0.0,19.666666666666668,,
CLI084771,OF004,ya_tiene_similar,0.0,1.0,16.333333333333332,,
CLI084881,OF004,,,0.0,18.5,,
CLI084939,OF002,,,0.0,20.5,,
CLI084960,OF003,ya_tiene_similar,31.0,2.0,23.5,,
CLI085006,OF004,precio,31.0,0.0,9.666666666666666,,
CLI085037,OF003,,,3.0,13.666666666666666,,
CLI085055,OF003,no_confia,31.0,0.0,7.0,,
CLI085086,OF003,ya_tiene_similar,31.0,0.0,5.833333333333333,ya_tiene_similar,31.0
CLI085095,OF004,,,3.0,1.0,,
CLI085123,OF003,no_confia,61.0,0.0,2.333333333333333,,
CLI085139,OF003,no_confia,61.0,0.0,3.6666666666666665,no_confia,61.0
CLI085159,OF003,,,0.0,28.666666666666668,,
CLI085166,OF004,precio,151.0,3.0,17.5,precio,151.0
CLI085194,OF004,,,3.0,9.666666666666666,,
CLI085197,OF004,,,2.0,30.33333333333333,,
CLI085220,OF002,no_necesita,0.0,0.0,9.166666666666666,no_necesita,0.0
CLI085237,OF004,,,0.0,23.166666666666668,,
CLI085311,OF004,no_necesita,92.0,3.0,13.5,no_necesita,92.0
CLI085350,OF002,mal_momento,61.0,0.0,13.5,,
CLI085414,OF003,ya_tiene_similar,31.0,0.0,0.0,ya_tiene_similar,31.0
CLI085432,OF004,precio,0.0,0.0,9.333333333333334,,
CLI085440,OF003,ya_tiene_similar,61.0,2.0,16.166666666666668,ya_tiene_similar,61.0
CLI085453,OF004,,,3.0,8.333333333333334,,
CLI085463,OF003,,,3.0,8.166666666666666,,
CLI085470,OF003,precio,61.0,0.0,3.5,,
CLI085505,OF004,precio,0.0,0.0,10.166666666666666,,
CLI085536,OF003,no_necesita,0.0,0.0,1.5,,
CLI085554,OF003,,,0.0,24.666666666666668,,
CLI085562,OF002,precio,61.0,0.0,0.0,,
CLI085567,OF002,no_necesita,61.0,0.0,9.0,no_necesita,61.0
CLI085591,OF003,precio,151.0,3.0,6.0,precio,151.0
CLI085613,OF002,,,0.0,28.666666666666668,,
CLI085665,OF003,,,0.0,21.33333333333333,,
CLI085666,OF003,precio,61.0,0.0,6.666666666666667,,
CLI085724,OF004,no_necesita,92.0,0.0,25.166666666666668,no_necesita,92.0
CLI085743,OF004,,,1.0,15.333333333333334,,
CLI085762,OF004,,,1.0,20.5,,
CLI085800,OF003,,,3.0,15.333333333333334,,
CLI085801,OF004,mal_momento,120.0,3.0,6.166666666666667,,
CLI085805,OF004,no_necesita,31.0,0.0,8.0,,
CLI085913,OF002,,,0.0,20.166666666666668,,
CLI085922,OF004,precio,31.0,2.0,3.333333333333333,precio,31.0
CLI086003,OF003,no_confia,31.0,0.0,0.0,,
CLI086007,OF004,,,3.0,20.83333333333333,,
CLI086023,OF003,ya_tiene_similar,31.0,0.0,5.666666666666667,ya_tiene_similar,31.0
CLI086114,OF002,no_confia,31.0,0.0,6.333333333333333,,
CLI086118,OF003,,,2.0,18.83333333333333,,
CLI086135,OF004,ya_tiene_similar,0.0,1.0,6.166666666666667,,
CLI086141,OF003,,,0.0,19.5,,
CLI086164,OF004,mal_momento,0.0,0.0,0.0,,
CLI086214,OF002,,,0.0,26.166666666666668,,
CLI086223,OF002,precio,31.0,0.0,12.5,,
CLI086249,OF004,no_necesita,31.0,3.0,16.666666666666668,no_necesita,31.0
CLI086255,OF004,mal_momento,0.0,1.0,7.333333333333333,precio,120.0
CLI086316,OF004,,,3.0,0.0,,
CLI086317,OF002,,,0.0,15.5,,
CLI086344,OF002,ya_tiene_similar,151.0,0.0,17.166666666666668,ya_tiene_similar,151.0
CLI086389,OF003,,,3.0,17.333333333333332,,
CLI086430,OF004,ya_tiene_similar,0.0,0.0,0.0,,
CLI086434,OF003,,,0.0,16.5,,
CLI086435,OF003,no_necesita,0.0,0.0,4.0,,
CLI086442,OF002,,,0.0,18.666666666666668,,
CLI086479,OF002,,,0.0,23.666666666666668,,
CLI086505,OF004,,,3.0,32.833333333333336,,
CLI086515,OF003,,,3.0,0.0,,
CLI086524,OF002,no_necesita,31.0,0.0,3.6666666666666665,,
CLI086547,OF003,precio,61.0,1.0,9.666666666666666,precio,61.0
CLI086638,OF004,,,1.0,28.5,,
CLI086649,OF002,,,1.0,16.0,,
CLI086705,OF002,precio,61.0,0.0,12.833333333333334,precio,61.0
CLI086730,OF003,no_necesita,31.0,0.0,7.0,,
CLI086736,OF002,mal_momento,120.0,0.0,24.33333333333333,mal_momento,120.0
CLI086764,OF003,precio,31.0,0.0,7.0,,
CLI086769,OF002,precio,0.0,0.0,8.666666666666666,,
CLI086773,OF004,precio,120.0,3.0,0.0,precio,120.0
CLI086775,OF002,,,3.0,3.8333333333333335,,
CLI086883,OF002,no_necesita,31.0,0.0,2.333333333333333,,
CLI086918,OF003,,,3.0,5.0,,
CLI086926,OF002,,,3.0,17.0,,
CLI086992,OF004,,,3.0,9.5,,
CLI087013,OF002,ya_tiene_similar,120.0,3.0,25.33333333333333,,
CLI087062,OF003,no_necesita,31.0,0.0,14.333333333333334,,
CLI087106,OF002,no_necesita,0.0,0.0,0.0,,
CLI087109,OF003,precio,0.0,2.0,0.0,precio,0.0
CLI087119,OF004,otro,61.0,0.0,14.166666666666666,,
CLI087168,OF002,precio,61.0,0.0,0.0,precio,61.0
CLI087190,OF004,,,1.0,17.0,,
CLI087196,OF003,ya_tiene_similar,0.0,0.0,0.0,,
CLI087243,OF003,mal_momento,92.0,1.0,22.666666666666668,,
CLI087266,OF004,,,1.0,16.5,,
CLI087270,OF003,mal_momento,31.0,0.0,0.0,,
CLI087334,OF004,,,3.0,0.0,,
CLI087375,OF004,,,0.0,16.333333333333332,,
CLI087412,OF004,ya_tiene_similar,61.0,2.0,13.333333333333334,,
CLI087427,OF003,ya_tiene_similar,31.0,0.0,19.666666666666668,,
CLI087466,OF003,mal_momento,61.0,0.0,2.1666666666666665,mal_momento,61.0
CLI087497,OF003,no_necesita,92.0,0.0,18.666666666666668,,
CLI087515,OF002,mal_momento,61.0,0.0,3.333333333333333,,
CLI087527,OF003,,,3.0,4.833333333333333,,
CLI087537,OF002,ya_tiene_similar,151.0,3.0,18.0,,
CLI087651,OF004,ya_tiene_similar,31.0,3.0,8.0,,
CLI087679,OF002,precio,0.0,0.0,11.333333333333334,precio,0.0
CLI087707,OF004,,,0.0,15.166666666666666,,
CLI087710,OF004,,,3.0,0.0,,
CLI087782,OF003,,,1.0,18.5,,
CLI087798,OF003,,,0.0,22.166666666666668,,
CLI087826,OF003,,,0.0,27.666666666666668,,
CLI087885,OF004,precio,31.0,0.0,8.5,,
CLI087913,OF002,no_necesita,0.0,0.0,2.0,no_necesita,0.0
CLI087916,OF002,ya_tiene_similar,61.0,0.0,4.0,,
CLI087923,OF003,,,0.0,15.5,,
CLI087957,OF002,precio,151.0,0.0,16.0,precio,151.0
CLI087965,OF002,ya_tiene_similar,31.0,0.0,2.6666666666666665,,
CLI087969,OF003,,,0.0,15.166666666666666,,
CLI087988,OF003,,,0.0,19.83333333333333,,
CLI088038,OF003,precio,151.0,0.0,16.666666666666668,precio,151.0
CLI088051,OF002,precio,0.0,0.0,6.5,,
CLI088063,OF003,,,3.0,7.333333333333333,,
CLI088119,OF003,no_confia,0.0,3.0,18.666666666666668,,
CLI088146,OF003,precio,61.0,0.0,4.5,,
CLI088164,OF003,mal_momento,61.0,0.0,8.666666666666666,,
CLI088171,OF002,,,0.0,15.833333333333334,,
CLI088197,OF004,precio,61.0,3.0,23.33333333333333,precio,61.0
CLI088226,OF004,,,3.0,26.666666666666668,,
CLI088250,OF003,precio,31.0,0.0,9.5,,
CLI088286,OF004,no_necesita,31.0,0.0,18.5,,
CLI088296,OF002,precio,31.0,2.0,24.666666666666668,,
CLI088339,OF002,no_necesita,31.0,0.0,0.0,no_necesita,31.0
CLI088374,OF003,no_confia,0.0,0.0,5.166666666666667,,
CLI088392,OF002,,,0.0,18.5,,
CLI088444,OF004,precio,0.0,0.0,6.333333333333333,,
CLI088451,OF002,,,3.0,18.666666666666668,,
CLI088473,OF004,mal_momento,31.0,0.0,0.0,mal_momento,31.0
CLI088494,OF003,precio,0.0,0.0,3.0,,
CLI088604,OF003,precio,61.0,0.0,11.5,,
CLI088609,OF002,otro,151.0,0.0,16.166666666666668,,
CLI088610,OF003,no_necesita,31.0,0.0,3.1666666666666665,no_necesita,31.0
CLI088622,OF004,precio,0.0,0.0,7.833333333333333,,
CLI088623,OF004,mal_momento,61.0,0.0,17.5,,
CLI088625,OF002,ya_tiene_similar,92.0,0.0,16.333333333333332,,
CLI088695,OF004,precio,0.0,0.0,0.0,,
CLI088722,OF002,mal_momento,0.0,0.0,0.0,,
CLI088727,OF002,no_confia,61.0,1.0,15.166666666666666,,
CLI088755,OF002,no_necesita,61.0,0.0,8.166666666666666,no_necesita,61.0
CLI088766,OF003,precio,0.0,0.0,11.166666666666666,precio,0.0
CLI088811,OF002,,,0.0,28.666666666666668,,
CLI088852,OF004,precio,61.0,0.0,0.0,,
CLI088853,OF003,no_necesita,31.0,0.0,5.666666666666667,,
CLI088871,OF004,,,3.0,9.666666666666666,,
CLI088895,OF003,no_confia,31.0,0.0,0.0,,
CLI088954,OF003,,,0.0,27.33333333333333,,
CLI089034,OF003,,,0.0,30.5,,
CLI089086,OF002,,,0.0,25.666666666666668,,
CLI089104,OF003,,,0.0,20.166666666666668,,
CLI089162,OF003,,,1.0,17.166666666666668,,
CLI089168,OF002,,,0.0,16.166666666666668,,
CLI089176,OF004,,,0.0,21.166666666666668,,
CLI089212,OF004,ya_tiene_similar,61.0,0.0,0.0,,
CLI089233,OF003,mal_momento,0.0,0.0,38.16666666666666,,
CLI089250,OF003,precio,61.0,0.0,9.5,,
CLI089295,OF004,no_necesita,151.0,0.0,16.333333333333332,,
CLI089361,OF004,precio,92.0,3.0,10.0,precio,92.0
CLI089395,OF004,otro,0.0,0.0,0.0,,
CLI089428,OF002,no_necesita,0.0,0.0,0.0,,
CLI089447,OF004,,,1.0,22.5,,
CLI089555,OF003,precio,61.0,2.0,0.0,precio,61.0
CLI089567,OF003,no_necesita,0.0,2.0,2.333333333333333,,
CLI089603,OF002,otro,61.0,0.0,0.0,precio,151.0
CLI089652,OF003,precio,61.0,0.0,5.0,,
CLI089674,OF002,ya_tiene_similar,31.0,0.0,14.666666666666666,ya_tiene_similar,61.0
CLI089683,OF003,no_necesita,31.0,0.0,0.0,,
CLI089726,OF002,mal_momento,61.0,0.0,0.0,mal_momento,61.0
CLI089728,OF004,no_confia,61.0,0.0,3.1666666666666665,no_necesita,120.0
CLI089736,OF003,,,2.0,22.5,,
CLI089746,OF003,no_necesita,31.0,0.0,4.166666666666667,,
CLI089797,OF002,ya_tiene_similar,120.0,0.0,26.166666666666668,,
CLI089816,OF004,precio,0.0,0.0,3.1666666666666665,precio,0.0
CLI089853,OF002,,,3.0,19.83333333333333,,
CLI089873,OF004,,,1.0,33.0,,
CLI089897,OF004,,,3.0,27.166666666666668,,
CLI089945,OF003,,,0.0,16.0,,
CLI089956,OF002,no_necesita,0.0,0.0,8.666666666666666,,
CLI089962,OF002,,,0.0,22.0,,
CLI089967,OF004,,,0.0,20.5,,
CLI090041,OF004,precio,61.0,0.0,6.0,precio,61.0
CLI090055,OF002,otro,151.0,3.0,0.0,,
CLI090089,OF003,,,0.0,16.5,,
CLI090113,OF003,ya_tiene_similar,120.0,3.0,29.666666666666668,,
CLI090136,OF003,precio,0.0,0.0,0.0,precio,0.0
CLI090140,OF002,,,0.0,18.0,,
CLI090158,OF002,no_confia,61.0,0.0,12.833333333333334,,
CLI090186,OF003,precio,31.0,0.0,2.833333333333333,,
CLI090207,OF002,,,0.0,17.166666666666668,,
CLI090219,OF002,,,0.0,22.5,,
CLI090306,OF003,precio,120.0,0.0,15.166666666666666,,
CLI090357,OF003,,,3.0,5.833333333333333,,
CLI090390,OF002,,,0.0,20.666666666666668,,
CLI090393,OF002,otro,61.0,0.0,21.83333333333333,otro,61.0
CLI090403,OF004,,,3.0,9.166666666666666,,
CLI090405,OF004,mal_momento,31.0,0.0,14.666666666666666,,
CLI090422,OF004,mal_momento,61.0,0.0,7.166666666666667,,
CLI090459,OF004,,,3.0,22.33333333333333,,
CLI090543,OF003,,,3.0,9.0,,
CLI090562,OF004,,,1.0,17.166666666666668,,
CLI090574,OF002,,,1.0,17.0,,
CLI090588,OF003,mal_momento,61.0,0.0,25.33333333333333,,
CLI090589,OF003,,,0.0,15.0,,
CLI090658,OF003,ya_tiene_similar,151.0,0.0,16.166666666666668,,
CLI090679,OF002,no_necesita,61.0,0.0,0.0,no_necesita,61.0
CLI090748,OF002,precio,61.0,0.0,21.33333333333333,precio,151.0
CLI090849,OF003,precio,0.0,0.0,6.166666666666667,precio,0.0
CLI090853,OF002,precio,61.0,0.0,32.833333333333336,,
CLI090855,OF003,precio,61.0,0.0,0.0,,
CLI090867,OF003,ya_tiene_similar,0.0,0.0,19.5,,
CLI090869,OF002,,,0.0,18.33333333333333,,
CLI090887,OF003,otro,0.0,0.0,6.166666666666667,precio,92.0
CLI090895,OF003,,,2.0,17.333333333333332,,
CLI090908,OF004,,,3.0,10.0,,
CLI090913,OF004,,,0.0,17.0,,
CLI090914,OF002,no_necesita,0.0,2.0,9.5,no_necesita,0.0
CLI090944,OF004,no_necesita,0.0,0.0,9.0,,
CLI090999,OF002,,,0.0,22.83333333333333,,
CLI091001,OF004,ya_tiene_similar,92.0,0.0,28.33333333333333,,
CLI091028,OF002,precio,31.0,0.0,5.5,,
CLI091031,OF003,ya_tiene_similar,151.0,0.0,20.0,ya_tiene_similar,151.0
CLI091035,OF004,precio,0.0,0.0,27.83333333333333,,
CLI091037,OF002,precio,61.0,0.0,5.5,,
CLI091058,OF002,precio,151.0,0.0,28.5,precio,151.0
CLI091060,OF002,precio,61.0,0.0,21.5,,
CLI091071,OF002,mal_momento,31.0,0.0,15.0,mal_momento,31.0
CLI091101,OF003,ya_tiene_similar,120.0,0.0,22.33333333333333,,
CLI091122,OF004,no_confia,31.0,3.0,8.333333333333334,,
CLI091128,OF002,precio,0.0,0.0,5.166666666666667,precio,0.0
CLI091202,OF003,no_necesita,61.0,1.0,26.0,,
CLI091321,OF003,,,2.0,29.83333333333333,,
CLI091332,OF003,,,3.0,0.0,,
CLI091366,OF004,,,0.0,26.166666666666668,,
CLI091370,OF002,ya_tiene_similar,61.0,0.0,2.0,,
CLI091411,OF004,no_confia,31.0,0.0,13.333333333333334,,
CLI091438,OF002,no_necesita,31.0,0.0,9.0,,
CLI091462,OF002,precio,61.0,2.0,22.5,,
CLI091468,OF004,precio,120.0,0.0,15.833333333333334,,
CLI091486,OF002,,,0.0,16.5,,
CLI091665,OF002,precio,0.0,0.0,16.0,precio,0.0
CLI091695,OF002,ya_tiene_similar,61.0,0.0,18.83333333333333,,
CLI091736,OF003,otro,0.0,0.0,11.666666666666666,,
CLI091738,OF002,mal_momento,0.0,0.0,5.0,,
CLI091748,OF004,precio,0.0,3.0,0.0,,
CLI091795,OF002,,,2.0,15.333333333333334,,
CLI091837,OF004,precio,0.0,0.0,7.166666666666667,,
CLI091841,OF003,mal_momento,31.0,0.0,1.1666666666666667,mal_momento,31.0
CLI091866,OF003,precio,61.0,0.0,1.6666666666666667,,
CLI091880,OF004,otro,61.0,1.0,5.5,otro,61.0
CLI091894,OF002,precio,0.0,0.0,13.333333333333334,,
CLI091902,OF003,,,3.0,27.33333333333333,,
CLI091909,OF004,,,2.0,25.0,,
CLI091938,OF003,no_necesita,61.0,2.0,25.666666666666668,,
CLI091945,OF002,precio,31.0,0.0,0.0,,
CLI091953,OF002,,,3.0,18.83333333333333,,
CLI091971,OF004,,,2.0,21.83333333333333,,
CLI091983,OF003,,,0.0,21.166666666666668,,
CLI091985,OF004,,,0.0,16.166666666666668,,
CLI092066,OF003,,,0.0,17.0,,
CLI092077,OF002,,,3.0,7.0,,
CLI092093,OF002,,,0.0,19.33333333333333,,
CLI092114,OF002,no_necesita,120.0,3.0,12.0,,
CLI092164,OF004,,,0.0,29.83333333333333,,
CLI092178,OF002,no_necesita,0.0,0.0,14.333333333333334,no_necesita,0.0
CLI092262,OF002,precio,31.0,0.0,12.166666666666666,,
CLI092282,OF002,mal_momento,151.0,0.0,27.666666666666668,,
CLI092285,OF003,otro,0.0,0.0,4.333333333333333,,
CLI092293,OF003,no_necesita,31.0,0.0,0.0,,
CLI092297,OF003,,,1.0,20.166666666666668,,
CLI092300,OF004,,,0.0,15.666666666666666,,
CLI092318,OF002,mal_momento,0.0,0.0,12.0,,
CLI092321,OF002,,,0.0,18.5,,
CLI092326,OF004,,,0.0,21.33333333333333,,
CLI092369,OF002,,,1.0,16.666666666666668,,
CLI092378,OF003,,,0.0,15.166666666666666,,
CLI092395,OF004,,,2.0,20.83333333333333,,
CLI092418,OF002,,,0.0,17.333333333333332,,
CLI092422,OF003,ya_tiene_similar,0.0,0.0,0.0,,
CLI092426,OF004,ya_tiene_similar,151.0,0.0,20.5,,
CLI092457,OF003,,,0.0,17.0,,
CLI092473,OF003,no_necesita,120.0,0.0,24.0,,
CLI092571,OF003,mal_momento,0.0,0.0,3.0,,
CLI092588,OF002,ya_tiene_similar,31.0,0.0,14.5,,
CLI092611,OF003,ya_tiene_similar,61.0,1.0,27.666666666666668,ya_tiene_similar,61.0
CLI092656,OF004,precio,61.0,0.0,4.0,,
CLI092661,OF002,precio,0.0,0.0,3.5,precio,0.0
CLI092733,OF004,precio,0.0,0.0,14.666666666666666,,
CLI092781,OF003,precio,0.0,0.0,5.833333333333333,precio,0.0
CLI092794,OF003,precio,61.0,2.0,22.166666666666668,precio,61.0
CLI092803,OF004,,,3.0,15.333333333333334,,
CLI092808,OF002,no_confia,0.0,0.0,5.5,,
CLI092948,OF003,no_necesita,61.0,0.0,14.5,no_necesita,61.0
CLI092955,OF004,,,0.0,25.0,,
CLI092978,OF002,,,3.0,15.833333333333334,,
CLI092993,OF004,ya_tiene_similar,61.0,0.0,0.0,otro,120.0
CLI093025,OF002,precio,120.0,0.0,27.5,precio,120.0
CLI093033,OF002,precio,61.0,0.0,1.0,,
CLI093034,OF003,,,0.0,17.833333333333332,,
CLI093052,OF004,no_necesita,61.0,1.0,2.1666666666666665,,
CLI093072,OF002,,,3.0,33.0,,
CLI093135,OF004,,,0.0,15.166666666666666,,
CLI093160,OF004,ya_tiene_similar,151.0,3.0,13.0,,
CLI093168,OF002,precio,61.0,0.0,0.8333333333333334,,
CLI093169,OF003,precio,31.0,0.0,6.0,,
CLI093212,OF002,no_necesita,61.0,0.0,6.833333333333333,,
CLI093232,OF003,,,0.0,18.83333333333333,,
CLI093244,OF004,,,0.0,21.5,,
CLI093253,OF003,precio,0.0,3.0,14.5,,
CLI093270,OF003,precio,61.0,0.0,30.666666666666668,precio,61.0
CLI093276,OF003,,,3.0,28.0,,
CLI093324,OF003,,,2.0,17.333333333333332,,
CLI093329,OF003,precio,0.0,0.0,1.0,precio,0.0
CLI093442,OF003,ya_tiene_similar,0.0,2.0,0.0,,
CLI093461,OF002,precio,0.0,1.0,12.833333333333334,,
CLI093484,OF004,ya_tiene_similar,61.0,3.0,15.5,ya_tiene_similar,61.0
CLI093487,OF003,,,0.0,17.333333333333332,,
CLI093492,OF002,no_necesita,0.0,0.0,13.166666666666666,,
CLI093508,OF002,,,3.0,12.166666666666666,,
CLI093529,OF004,no_necesita,31.0,2.0,6.5,,
CLI093559,OF003,,,3.0,26.83333333333333,,
CLI093560,OF003,precio,61.0,0.0,33.0,,
CLI093563,OF003,,,3.0,31.5,,
CLI093649,OF002,ya_tiene_similar,61.0,0.0,0.0,,
CLI093664,OF003,,,0.0,20.0,,
CLI093758,OF003,no_necesita,31.0,0.0,7.0,,
CLI093795,OF004,precio,61.0,3.0,11.166666666666666,,
CLI093802,OF003,,,1.0,20.33333333333333,,
CLI093825,OF003,mal_momento,61.0,0.0,29.5,,
CLI093911,OF002,mal_momento,0.0,0.0,17.166666666666668,,
CLI093989,OF004,,,3.0,8.0,,
CLI094024,OF003,,,3.0,14.833333333333334,,
CLI094026,OF003,ya_tiene_similar,120.0,3.0,15.333333333333334,,
CLI094078,OF002,no_necesita,0.0,0.0,6.666666666666667,no_necesita,0.0
CLI094225,OF004,,,3.0,20.166666666666668,,
CLI094277,OF002,ya_tiene_similar,31.0,3.0,4.5,,
CLI094300,OF002,precio,31.0,0.0,0.0,,
CLI094379,OF003,,,0.0,19.83333333333333,,
CLI094380,OF002,,,0.0,28.83333333333333,,
CLI094399,OF003,precio,61.0,0.0,4.0,precio,61.0
CLI094427,OF002,,,0.0,17.0,,
CLI094470,OF003,no_necesita,31.0,2.0,25.166666666666668,no_necesita,31.0
CLI094489,OF002,ya_tiene_similar,31.0,0.0,9.0,,
CLI094498,OF003,,,1.0,27.666666666666668,,
CLI094529,OF002,,,0.0,26.83333333333333,,
CLI094553,OF002,precio,0.0,3.0,3.8333333333333335,,
CLI094571,OF003,precio,61.0,3.0,13.5,precio,61.0
CLI094594,OF002,no_necesita,31.0,0.0,9.333333333333334,,
CLI094644,OF003,precio,92.0,2.0,16.333333333333332,,
CLI094663,OF003,precio,61.0,0.0,7.333333333333333,precio,61.0
CLI094710,OF004,precio,61.0,1.0,14.5,precio,61.0
CLI094711,OF002,mal_momento,61.0,0.0,0.0,mal_momento,61.0
CLI094736,OF002,no_confia,151.0,0.0,19.166666666666668,,
CLI094750,OF003,no_necesita,31.0,0.0,19.83333333333333,,
CLI094804,OF002,,,1.0,18.666666666666668,,
CLI094838,OF003,,,3.0,8.0,,
CLI094862,OF004,,,0.0,23.33333333333333,,
CLI094866,OF002,precio,0.0,0.0,9.166666666666666,,
CLI094873,OF004,precio,61.0,0.0,10.666666666666666,,
CLI094890,OF004,,,3.0,7.5,,
CLI094891,OF004,ya_tiene_similar,0.0,3.0,20.5,,
CLI094901,OF003,,,3.0,9.333333333333334,,
CLI094914,OF004,ya_tiene_similar,61.0,0.0,13.833333333333334,,
CLI094917,OF003,,,0.0,16.166666666666668,,
CLI094929,OF003,,,2.0,30.5,,
CLI094945,OF003,,,0.0,16.5,,
CLI094987,OF003,no_necesita,151.0,0.0,28.0,no_necesita,151.0
CLI095015,OF002,precio,92.0,3.0,15.833333333333334,precio,92.0
CLI095071,OF003,,,3.0,9.5,,
CLI095073,OF002,,,0.0,17.833333333333332,,
CLI095083,OF003,,,3.0,5.5,,
CLI095187,OF002,ya_tiene_similar,31.0,3.0,5.5,,
CLI095197,OF004,ya_tiene_similar,31.0,3.0,21.0,,
CLI095220,OF002,,,0.0,19.166666666666668,,
CLI095267,OF003,,,0.0,23.0,,
CLI095291,OF002,mal_momento,0.0,0.0,0.0,,
CLI095326,OF004,no_confia,61.0,0.0,4.5,,
CLI095332,OF004,,,3.0,30.0,,
CLI095340,OF003,precio,92.0,3.0,6.166666666666667,,
CLI095343,OF003,,,0.0,22.166666666666668,,
CLI095346,OF003,ya_tiene_similar,31.0,0.0,9.833333333333334,,
CLI095376,OF002,no_necesita,151.0,0.0,19.33333333333333,,
CLI095386,OF003,no_confia,61.0,0.0,1.0,,
CLI095431,OF004,,,3.0,16.5,,
CLI095432,OF004,,,0.0,19.33333333333333,,
CLI095476,OF003,,,1.0,21.83333333333333,,
CLI095507,OF004,ya_tiene_similar,151.0,0.0,18.0,,
CLI095537,OF002,otro,92.0,3.0,3.1666666666666665,,
CLI095578,OF004,precio,61.0,0.0,14.833333333333334,,
CLI095632,OF003,,,0.0,23.5,,
CLI095645,OF002,ya_tiene_similar,61.0,0.0,4.0,,
CLI095653,OF003,,,0.0,19.33333333333333,,
CLI095662,OF002,no_necesita,31.0,0.0,0.0,no_necesita,31.0
CLI095736,OF002,precio,0.0,0.0,0.8333333333333334,precio,0.0
CLI095752,OF004,,,2.0,20.666666666666668,,
CLI095766,OF003,,,0.0,17.0,,
CLI095785,OF004,,,2.0,15.166666666666666,,
CLI095803,OF003,no_necesita,0.0,3.0,15.0,,
CLI095831,OF002,precio,0.0,0.0,3.0,,
CLI095842,OF003,,,3.0,8.5,,
CLI095888,OF004,no_confia,92.0,0.0,18.33333333333333,no_confia,92.0
CLI095926,OF003,,,3.0,13.666666666666666,,
CLI095927,OF002,,,2.0,19.83333333333333,,
CLI095995,OF002,ya_tiene_similar,61.0,0.0,8.166666666666666,,
CLI096045,OF003,precio,31.0,2.0,10.833333333333334,,
CLI096059,OF003,,,3.0,5.5,,
CLI096075,OF002,,,0.0,16.5,,
CLI096097,OF003,otro,0.0,0.0,11.333333333333334,precio,120.0
CLI096178,OF002,no_confia,61.0,0.0,7.833333333333333,no_confia,61.0
CLI096225,OF004,,,2.0,15.0,,
CLI096334,OF003,precio,31.0,0.0,0.0,,
CLI096339,OF003,mal_momento,31.0,2.0,0.0,,
CLI096370,OF003,precio,61.0,0.0,13.5,,
CLI096391,OF003,,,0.0,19.166666666666668,,
CLI096423,OF004,precio,61.0,0.0,8.0,,
CLI096441,OF003,,,3.0,14.0,,
CLI096476,OF002,,,0.0,16.166666666666668,,
CLI096487,OF003,precio,0.0,0.0,0.0,,
CLI096515,OF002,,,0.0,15.5,,
CLI096576,OF004,no_necesita,61.0,1.0,2.6666666666666665,,
CLI096607,OF004,,,3.0,10.166666666666666,,
CLI096708,OF002,,,2.0,23.166666666666668,,
CLI096729,OF004,,,0.0,28.666666666666668,,
CLI096746,OF002,precio,61.0,0.0,16.0,precio,61.0
CLI096809,OF004,,,1.0,15.333333333333334,,
CLI096836,OF003,,,0.0,15.0,,
CLI096842,OF002,,,3.0,21.83333333333333,,
CLI096873,OF002,,,0.0,18.666666666666668,,
CLI096875,OF004,,,3.0,5.666666666666667,,
CLI096920,OF003,precio,120.0,3.0,11.0,,
CLI096974,OF002,,,3.0,5.0,,
CLI096977,OF004,no_confia,0.0,0.0,15.166666666666666,no_confia,0.0
CLI097041,OF003,mal_momento,31.0,0.0,1.1666666666666667,,
CLI097063,OF002,,,0.0,17.666666666666668,,
CLI097099,OF002,precio,92.0,0.0,26.166666666666668,no_necesita,92.0
CLI097148,OF003,,,0.0,15.833333333333334,,
CLI097240,OF003,,,1.0,24.5,,
CLI097275,OF003,precio,92.0,0.0,17.166666666666668,precio,92.0
CLI097276,OF003,mal_momento,61.0,0.0,7.833333333333333,,
CLI097293,OF002,no_necesita,61.0,1.0,13.666666666666666,,
CLI097359,OF003,,,0.0,19.33333333333333,,
CLI097362,OF002,,,0.0,24.5,,
CLI097483,OF004,mal_momento,31.0,1.0,5.333333333333333,mal_momento,31.0
CLI097513,OF003,,,0.0,24.0,,
CLI097516,OF004,no_necesita,31.0,1.0,4.333333333333333,,
CLI097544,OF003,,,1.0,32.0,,
CLI097557,OF002,ya_tiene_similar,61.0,0.0,7.666666666666667,,
CLI097574,OF002,,,0.0,22.83333333333333,,
CLI097592,OF003,precio,0.0,0.0,13.5,,
CLI097603,OF004,precio,31.0,0.0,3.1666666666666665,,
CLI097642,OF004,,,0.0,30.666666666666668,,
CLI097653,OF003,ya_tiene_similar,0.0,0.0,17.166666666666668,ya_tiene_similar,0.0
CLI097701,OF004,no_necesita,151.0,3.0,0.0,,
CLI097743,OF003,precio,61.0,0.0,3.1666666666666665,precio,61.0
CLI097748,OF003,,,1.0,24.666666666666668,,
CLI097786,OF003,ya_tiene_similar,0.0,2.0,8.5,,
CLI097795,OF003,ya_tiene_similar,0.0,0.0,3.1666666666666665,ya_tiene_similar,120.0
CLI097828,OF003,precio,151.0,0.0,28.5,,
CLI097880,OF002,,,0.0,16.5,,
CLI097906,OF004,,,0.0,21.83333333333333,,
CLI097920,OF003,otro,31.0,0.0,11.166666666666666,,
CLI097943,OF002,,,1.0,23.0,,
CLI097945,OF003,ya_tiene_similar,0.0,2.0,0.0,ya_tiene_similar,0.0
CLI098006,OF002,precio,0.0,3.0,5.666666666666667,,
CLI098008,OF003,no_necesita,61.0,0.0,0.0,,
CLI098041,OF002,,,2.0,24.166666666666668,,
CLI098133,OF002,no_necesita,120.0,0.0,16.833333333333332,no_necesita,120.0
CLI098151,OF002,,,0.0,20.0,,
CLI098158,OF004,,,3.0,24.33333333333333,,
CLI098168,OF004,,,0.0,16.166666666666668,,
CLI098200,OF003,,,0.0,18.83333333333333,,
CLI098204,OF003,,,2.0,28.166666666666668,,
CLI098205,OF002,no_necesita,31.0,0.0,0.0,,
CLI098246,OF004,,,2.0,17.833333333333332,,
CLI098250,OF003,mal_momento,31.0,3.0,11.833333333333334,,
CLI098257,OF003,mal_momento,31.0,3.0,0.0,,
CLI098296,OF003,ya_tiene_similar,31.0,3.0,1.0,,
CLI098301,OF003,no_necesita,92.0,0.0,21.83333333333333,,
CLI098306,OF004,precio,31.0,0.0,1.1666666666666667,,
CLI098325,OF004,,,3.0,9.166666666666666,,
CLI098341,OF004,no_necesita,0.0,0.0,1.1666666666666667,mal_momento,120.0
CLI098413,OF004,,,3.0,17.166666666666668,,
CLI098502,OF002,,,3.0,29.33333333333333,,
CLI098535,OF003,ya_tiene_similar,31.0,1.0,10.666666666666666,,
CLI098536,OF003,mal_momento,0.0,0.0,6.0,mal_momento,0.0
CLI098553,OF002,precio,151.0,0.0,22.5,,
CLI098567,OF003,precio,61.0,0.0,0.0,,
CLI098623,OF002,mal_momento,0.0,0.0,9.166666666666666,mal_momento,0.0
CLI098650,OF002,,,3.0,16.333333333333332,,
CLI098676,OF004,otro,31.0,0.0,3.6666666666666665,,
CLI098681,OF003,no_necesita,120.0,0.0,16.333333333333332,,
CLI098725,OF003,precio,31.0,0.0,1.1666666666666667,,
CLI098777,OF002,no_necesita,120.0,0.0,22.166666666666668,,
CLI098785,OF004,ya_tiene_similar,61.0,0.0,10.333333333333334,,
CLI098799,OF002,no_necesita,151.0,0.0,15.333333333333334,,
CLI098819,OF003,no_confia,151.0,0.0,15.0,,
CLI098852,OF004,ya_tiene_similar,0.0,0.0,25.166666666666668,,
CLI098854,OF003,,,1.0,21.33333333333333,,
CLI098900,OF002,precio,31.0,0.0,0.0,,
CLI098936,OF004,,,0.0,15.0,,
CLI098986,OF003,precio,120.0,2.0,16.5,precio,120.0
CLI099000,OF003,no_confia,61.0,1.0,14.0,,
CLI099019,OF002,ya_tiene_similar,61.0,0.0,0.0,,
CLI099026,OF002,precio,31.0,0.0,6.333333333333333,precio,31.0
CLI099076,OF003,,,1.0,16.5,,
CLI099098,OF003,,,3.0,13.166666666666666,,
CLI099112,OF003,precio,31.0,0.0,3.6666666666666665,,
CLI099124,OF003,ya_tiene_similar,0.0,0.0,0.0,otro,31.0
CLI099135,OF004,no_necesita,31.0,1.0,18.83333333333333,no_necesita,31.0
CLI099142,OF004,,,1.0,28.666666666666668,,
CLI099175,OF004,,,1.0,35.166666666666664,,
CLI099224,OF003,,,0.0,25.83333333333333,,
CLI099323,OF004,,,2.0,27.83333333333333,,
CLI099340,OF003,precio,120.0,0.0,24.166666666666668,,
CLI099345,OF003,,,3.0,0.0,,
CLI099346,OF002,precio,151.0,0.0,16.666666666666668,,
CLI099370,OF002,,,0.0,29.33333333333333,,
CLI099401,OF004,mal_momento,0.0,3.0,0.0,mal_momento,0.0
CLI099441,OF003,,,3.0,26.5,,
CLI099474,OF004,no_necesita,61.0,0.0,5.666666666666667,,
CLI099481,OF002,precio,0.0,0.0,5.833333333333333,precio,0.0
CLI099508,OF002,precio,0.0,2.0,2.1666666666666665,,
CLI099546,OF002,,,0.0,18.83333333333333,,
CLI099548,OF002,,,0.0,25.666666666666668,,
CLI099561,OF004,no_necesita,0.0,0.0,7.5,,
CLI099563,OF003,,,1.0,17.166666666666668,,
CLI099590,OF003,mal_momento,0.0,0.0,9.5,,
CLI099626,OF004,,,1.0,18.33333333333333,,
CLI099631,OF004,ya_tiene_similar,61.0,2.0,11.0,,
CLI099655,OF003,no_necesita,61.0,0.0,14.5,,
CLI099656,OF002,mal_momento,120.0,0.0,17.0,,
CLI099698,OF002,ya_tiene_similar,0.0,0.0,3.8333333333333335,,
CLI099717,OF002,,,2.0,19.166666666666668,,
CLI099723,OF002,,,2.0,20.5,,
CLI099848,OF003,no_necesita,151.0,0.0,18.666666666666668,,
CLI099858,OF004,,,0.0,17.666666666666668,,
CLI099868,OF002,ya_tiene_similar,31.0,0.0,7.166666666666667,mal_momento,61.0
CLI099876,OF002,,,0.0,16.833333333333332,,
CLI099880,OF002,mal_momento,120.0,1.0,18.5,,
CLI099933,OF003,,,0.0,21.5,,
CLI099953,OF003,no_necesita,31.0,0.0,0.0,,
